Year,Week,Date,Period,Treatment,Location,Grid,Day 1,Day 2,Spp,Tag,Tick,Ear,Fate,Sex,Age,Wt. ,testes,vaginal,nipples,Lac,Pg,LRE,LLE,LHD,LSUM,NRE,NLE,NHD,Botfly
2015,1255,7/30/2015,1,C,G,GC,G2,H1,PL,H7357,P,1,1,2,1,20,,2,1,,,0,0,0,0,0,0,0,
2015,1255,7/30/2015,1,C,G,GC,G5,,PL,H7233,P,1,1,2,1,20,,2,1,,,0,0,0,0,0,0,0,
2015,1255,7/30/2015,1,C,G,GC,G8,G7,PL,H7253,P,1,1,1,1,22,2,,,,,3,4,1,8,0,0,0,
2015,1255,7/30/2015,1,C,G,GC,,E11,PL,H7117,P,1,1,2,1,24,,1,2,1,,0,1,0,1,0,0,0,
2015,1255,7/30/2015,1,C,G,GC,,E5,PL,H7319,P,1,1,2,1,22,,2,2,,,2,2,0,4,0,0,0,
2015,1255,7/30/2015,1,C,G,GC,,B4,PL,H7225,P,1,1,1,1,27,2,,,,,10,7,1,18,0,0,0,
2015,1255,7/30/2015,1,C,G,GC,,B10,PL,H7336,P,1,1,2,1,,,2,1,,,1,0,0,1,0,0,0,
2015,1255,7/30/2015,1,C,G,GC,I1,,PL,H7432,N,1,2,2,1,18,,1,1,,,1,0,0,1,0,0,0,
2015,1255,7/30/2015,1,C,G,GC,I5,G6,PL,H7232,P,2,1,2,1,24,,2,2,,,1,1,1,3,0,0,0,
2015,1255,7/30/2015,1,C,G,GC,I7,J7,PL,H7412,P,1,1,2,2,14,,2,2,,,1,1,0,2,1,1,0,
2015,1255,7/30/2015,1,C,G,GC,I9,I9,PL,H7338,P,1,1,2,1,19,,1,2,,,1,1,0,2,0,0,0,
2015,1255,7/30/2015,1,C,G,GC,I9,I9,PL,H7492,P,1,1,1,1,24,2,,,,,0,2,0,2,0,0,0,
2015,1255,7/30/2015,1,C,G,GC,D10,E10,PL,H7230,P,1,1,1,1,18,2,,,,,1,1,0,2,0,0,0,
2015,1255,7/30/2015,1,C,G,GC,A2,D2,PL,H7255,P,1,1,1,1,19,2,,,,,4,3,0,7,0,0,0,
2015,1255,7/30/2015,1,C,G,GC,A4,,PL,H7435,N,1,2,1,2,18,2,,,,,3,2,0,5,0,0,0,
2015,1255,7/30/2015,1,C,G,GC,A5,,PL,H7418,P,1,1,1,1,19,2,,,,,4,2,0,6,0,0,0,
2015,1255,7/30/2015,1,C,G,GC,,A2,PL,H7496,N,1,2,2,1,21,,1,1,,,0,0,0,0,0,0,0,
2015,1255,7/30/2015,1,C,G,GC,,A3,PL,H7381,P,1,1,2,1,17,,2,1,,,5,1,0,6,0,0,0,
2015,1255,7/30/2015,1,C,G,GC,,A5,PL,H7498,RT,2,1,1,1,19,2,,,,,8,8,0,16,0,0,1,
2015,1255,7/30/2015,1,C,G,GC,,A5,PL,H4654,P,1,1,1,1,32,2,,,,,8,2,0,10,0,0,2,
2015,1255,7/30/2015,1,C,G,GC,,A10,PL,H7379,P,1,1,2,1,18,,2,1,,,1,0,0,1,0,0,0,
2015,1255,7/30/2015,1,C,G,GC,J1,,PL,H7419,N,1,2,1,3,16,2,,,,,3,2,0,5,0,0,0,
2015,1255,7/30/2015,1,C,G,GC,J1,J1,PL,H7346,P,1,1,1,1,26,2,,,,,2,3,0,5,0,0,0,
2015,1255,7/30/2015,1,C,G,GC,J2,I4,PL,H7155/H7331,P,"1,2",1,2,1,27,,1,2,,,3,1,0,4,0,0,1,
2015,1255,7/30/2015,1,C,G,GC,J3,G6,PL,H7196,P,1,1,1,1,30,2,,,,,7,1,1,9,0,0,0,
2015,1255,7/30/2015,1,C,G,GC,J4,,PL,H7420,N,1,2,2,2,16,,2,1,,,0,1,0,1,0,0,0,
2015,1255,7/30/2015,1,C,G,GC,J10,J10,PL,H7252,P,1,1,2,1,22,,2,1,,,1,0,0,1,0,0,0,
2015,1255,7/30/2015,1,C,G,GC,J11,J11,PL,H7205,P,1,1,2,1,25,,2,1,,,0,2,0,2,0,0,0,
2015,1255,7/30/2015,1,C,G,GC,E10,E10,PL,H7355,P,1,1,1,1,27,2,,,,,0,1,0,1,0,0,0,
2015,1255,7/30/2015,1,C,G,GC,E5,F5,PL,H7386,P,1,1,1,1,23,2,,,,,0,1,0,1,0,0,0,
2015,1255,7/30/2015,1,C,G,GC,E2,D3,PL,H7341,P,2,1,1,1,30,2,,,,,3,3,0,6,0,0,0,
2015,1255,7/30/2015,1,C,G,GC,J4,J4,PL,H7306,RT,2,1,1,1,23,2,,,,,1,0,1,2,0,0,0,
2015,1255,7/30/2015,1,C,G,GC,,J7,PL,H7491,P,1,1,2,1,22,,2,1,,,1,0,0,1,0,0,0,
2015,1255,7/30/2015,1,C,G,GC,,J9,PL,H7421,N,1,2,1,2,,2,,,,,0,1,0,1,0,0,0,
2015,1255,7/30/2015,1,C,G,GC,,C2,PL,H7422,N,1,2,1,2,,2,,,,,1,1,0,2,0,0,0,
2015,1255,7/30/2015,1,C,G,GC,K1,K1,PL,H7486,P,1,1,2,1,21,,1,2,,,0,0,0,0,0,1,0,
2015,1255,7/30/2015,1,C,G,GC,K1,K2,PL,H7487,P,1,1,1,1,23,2,,,,,1,0,0,1,0,0,0,
2015,1255,7/30/2015,1,C,G,GC,K2,,PL,H7451,N,1,2,2,1,21,,1,2,,,0,0,0,0,0,0,0,
2015,1255,7/30/2015,1,C,G,GC,K3,K4,PL,H7390,P,2,1,1,1,21,2,,,,,1,3,3,7,0,1,0,
2015,1255,7/30/2015,1,C,G,GC,K6,K6,PL,H7427,P,2,1,1,1,22,2,,,,,0,1,0,1,0,0,0,
2015,1255,7/30/2015,1,C,G,GC,K7,K8,PL,H7452,N,1,2,1,1,17,2,,,,,0,0,0,0,0,0,0,
2015,1255,7/30/2015,1,C,G,GC,K9,J10,PL,H7231,P,1,1,1,1,26,2,,,,,3,2,1,6,0,1,0,
2015,1255,7/30/2015,1,C,G,GC,F8,C6,PL,H4662,P,1,1,1,1,29,2,,,,,9,1,2,12,0,0,0,
2015,1255,7/30/2015,1,C,G,GC,F3,F2,PL,H7455,N,1,2,1,2,16,2,,,,,0,0,0,0,0,0,0,
2015,1255,7/30/2015,1,C,G,GC,B2,B2,PL,H7158,P,1,1,2,1,24,,1,2,1,,0,1,0,1,0,0,0,
2015,1255,7/30/2015,1,C,G,GC,B3,A2,PL,H7399,P,1,1,1,1,21,2,,,,,0,1,0,1,0,0,0,
2015,1255,7/30/2015,1,C,G,GC,B5,B2,PL,H7176,P,2,1,2,1,27,,1,2,,,2,2,0,4,0,0,0,
2015,1255,7/30/2015,1,C,G,GC,B7,,PL,H7439,P,1,1,1,1,20,2,,,,,4,2,0,6,0,0,0,
2015,1255,7/30/2015,1,C,G,GC,B7,A7,PL,H7404,P,1,1,2,1,21,,1,2,,,1,1,0,2,0,0,0,
2015,1255,7/30/2015,1,C,G,GC,B9,,PL,H7380,P,1,1,1,1,24,2,,,,,1,0,1,2,0,0,0,1
2015,1255,7/30/2015,1,C,G,GC,H3,H3,PL,H7317,P,1,1,1,1,23,2,,,,,0,0,0,0,0,0,0,
2015,1255,7/30/2015,1,C,G,GC,H5,H5,PL,H7408,P,1,1,2,1,18,,2,2,,,0,0,0,0,0,0,0,
2015,1255,7/30/2015,1,C,G,GC,H11,J11,PL,H7437,P,1,1,1,1,23,2,,,,,11,1,1,13,0,0,0,
2015,1255,7/30/2015,1,C,G,GC,C9,C9,PL,H7362,P,1,1,2,2,13,,1,1,,,0,0,0,0,0,1,0,
2015,1255,7/30/2015,1,C,G,GC,C8,C8,PL,H7260,P,1,1,2,1,22,,2,2,,,1,0,0,1,0,0,0,
2015,1255,7/30/2015,1,C,G,GC,A10,A11,PL,H7363,N,1,2,1,1,23,2,,,,,2,2,0,4,0,0,0,
2015,1255,7/30/2015,1,C,G,GC,B10,,PL,H7364,N,1,2,1,1,22,2,,,,,1,1,2,4,0,0,0,
2015,1255,7/30/2015,1,C,G,GC,,K3,PL,H7459,N,1,2,1,2,16,1,,,,,0,0,0,0,0,0,0,
2015,1255,7/30/2015,1,C,G,GC,,K5,PL,H7460,N,1,2,1,1,22,2,,,,,2,1,0,3,0,0,0,
2015,1255,7/30/2015,1,C,G,GC,,K6,PL,H7239,P,1,1,2,1,28,,2,2,,,2,2,1,5,1,0,0,
2015,1255,7/30/2015,1,C,G,GC,,K9,PL,H7461,N,1,2,1,1,22,2,,,,,2,4,1,7,0,0,0,
2015,1255,7/30/2015,1,C,G,GC,,K10,PL,H7203,P,1,1,2,1,24,,1,1,,,1,0,0,1,1,0,0,
2015,1255,7/30/2015,1,C,G,GC,,A1,PL,H7495,N,1,2,1,1,20,2,,,,,0,1,0,1,0,0,0,
2015,1258,8/18/2015,2,C,G,GC,H4,F3,PL,H7317,P,2,1,1,1,22,2,,,,,3,5,1,9,0,0,0,
2015,1258,8/18/2015,2,C,G,GC,H10,J11,PL,H7492,P,1,1,1,1,26,2,,,,,2,1,3,6,0,0,0,
2015,1258,8/18/2015,2,C,G,GC,H11,G11,PL,H7205,P,1,1,2,1,29,,1,2,,,8,2,1,11,0,0,0,
2015,1258,8/18/2015,2,C,G,GC,E3,D3,PL,H7319,P,1,1,2,1,21,,2,2,,,0,1,0,1,0,0,0,
2015,1258,8/18/2015,2,C,G,GC,E2,,PL,H7422,P,1,1,1,2,18,2,,,,,0,2,1,3,0,0,0,
2015,1258,8/18/2015,2,C,G,GC,E1,D2,PL,H7341,P,2,1,1,1,30,2,,,,,4,12,6,22,0,0,0,
2015,1258,8/18/2015,2,C,G,GC,E1,C2,PL,H4667,P,1,1,2,1,25,,1,2,1,,2,2,2,6,0,0,0,2
2015,1258,8/18/2015,2,C,G,GC,B4,B3,PL,H7381,P,1,1,2,1,22,,1,1,,,4,2,1,7,0,0,0,
2015,1258,8/18/2015,2,C,G,GC,B5,A8,PL,H7404,P,1,1,2,1,24,,2,1,,,6,1,2,9,0,0,0,
2015,1258,8/18/2015,2,C,G,GC,C10,C11,PL,H7355,P,1,1,1,1,26,2,,,,,0,0,3,3,0,0,0,
2015,1258,8/18/2015,2,C,G,GC,C9,D10,PL,H7362,P,1,1,2,2,16,,2,1,,,1,2,1,4,0,0,0,
2015,1258,8/18/2015,2,C,G,GC,C8,B9,PL,H7230,P,1,1,1,1,22,2,,,,,3,2,1,6,0,0,0,
2015,1258,8/18/2015,2,C,G,GC,,C11,PL,H7499,N,1,2,2,2,18,,2,1,,,2,1,0,3,0,0,0,
2015,1258,8/18/2015,2,C,G,GC,,A1,PL,H7496,P,1,1,2,1,21,,1,1,,,3,2,1,6,0,0,0,
2015,1258,8/18/2015,2,C,G,GC,,A1,PL,H7255,P,1,1,1,1,19,2,,,,,3,1,3,7,0,0,0,
2015,1258,8/18/2015,2,C,G,GC,J1,I1,PL,H7346,P,1,1,1,1,24,2,,,,,3,4,2,9,0,0,0,
2015,1258,8/18/2015,2,C,G,GC,J4,,PL,H7420,P,1,1,2,2,18,,2,2,,,1,2,1,4,0,0,0,
2015,1258,8/18/2015,2,C,G,GC,J4,J5,PL,H7460,P,1,1,1,1,22,2,,,,,4,0,1,5,0,0,0,
2015,1258,8/18/2015,2,C,G,GC,J7,K7,PL,H7491,P,1,1,2,1,21,,2,2,,,0,0,0,0,0,0,0,
2015,1258,8/18/2015,2,C,G,GC,J10,K10,PL,H7252,P,1,1,2,1,22,,1,2,,,0,0,0,0,0,0,0,
2015,1258,8/18/2015,2,C,G,GC,J11,J10,PL,H7437,P,1,1,1,1,22,2,,,,,6,2,6,14,0,0,0,
2015,1258,8/18/2015,2,C,G,GC,D11,,PL,H7117,P,1,1,2,1,25,,1,2,1,1,1,0,0,1,0,0,0,
2015,1258,8/18/2015,2,C,G,GC,D10,F9,PL,H7440,N,1,2,1,1,19,2,,,,,4,2,0,6,0,0,0,
2015,1258,8/18/2015,2,C,G,GC,D5,,PL,H7441,N,1,2,1,2,17,2,,,,,1,3,0,4,0,0,0,
2015,1258,8/18/2015,2,C,G,GC,D3,E4,PL,H7386,P,1,1,1,1,23,2,,,,,3,0,0,3,0,0,0,
2015,1258,8/18/2015,2,C,G,GC,,J8,PL,H7442,N,1,2,1,2,19,2,,,,,2,2,0,4,0,0,0,
2015,1258,8/18/2015,2,C,G,GC,G5,G5,PL,H4662,P,1,1,1,1,29,2,,,,,17,4,5,26,0,1,0,
2015,1258,8/18/2015,2,C,G,GC,G10,E8,PL,H7376,P,1,1,2,1,24,,2,2,,,0,0,0,0,0,0,0,
2015,1258,8/18/2015,2,C,G,GC,F5,H4,PL,H7408,P,1,1,2,1,20,,2,2,,,1,1,1,3,0,0,0,
2015,1258,8/18/2015,2,C,G,GC,F4,H3,PL,H7233,P,1,1,2,1,21,,2,2,,,3,1,0,4,0,0,0,
2015,1258,8/18/2015,2,C,G,GC,F3,H1,PL,H7294,P,1,1,1,1,26,2,,,,,6,2,5,13,1,1,0,
2015,1258,8/18/2015,2,C,G,GC,K2,,PL,H7486,P,1,1,2,1,28,,2,2,1,,0,1,0,1,0,0,0,
2015,1258,8/18/2015,2,C,G,GC,K3,,PL,H7451,P,1,1,2,1,24,,2,2,,,1,0,0,1,0,0,1,
2015,1258,8/18/2015,2,C,G,GC,K3,K3,PL,H7390,P,2,1,1,1,25,2,,,,,2,3,1,6,0,0,0,
2015,1258,8/18/2015,2,C,G,GC,K4,I2,PL,E6432,P,1,1,1,1,19,2,,,,,5,1,1,7,0,0,0,
2015,1258,8/18/2015,2,C,G,GC,K7,K6,PL,H7427,P,2,1,1,1,25,2,,,,,1,3,0,4,0,0,0,
2015,1258,8/18/2015,2,C,G,GC,K8,,PL,H7452,P,1,1,1,1,20,2,,,,,1,0,0,1,0,0,0,
2015,1258,8/18/2015,2,C,G,GC,K8,K8,PL,H7412,P,1,1,2,1,24,,2,1,,,0,1,0,1,0,0,0,
2015,1258,8/18/2015,2,C,G,GC,K10,K9,PL,H7231,P,1,1,1,1,29,2,,,,,3,3,0,6,0,0,0,
2015,1258,8/18/2015,2,C,G,GC,B7,C6,PL,H7260,P,1,1,2,1,24,,1,2,1,,0,2,0,2,0,0,0,
2015,1258,8/18/2015,2,C,G,GC,B6,A5,PL,H7439,P,1,1,1,1,21,2,,,,,2,0,2,4,0,0,0,
2015,1258,8/18/2015,2,C,G,GC,,K3,PL,H7487,P,1,1,1,1,29,2,,,,,3,1,0,4,0,0,0,
2015,1258,8/18/2015,2,C,G,GC,,K5,PL,H7462,N,1,2,1,1,24,2,,,,,0,1,0,1,0,0,1,
2015,1258,8/18/2015,2,C,G,GC,I1,I1,PL,H7196,P,1,1,1,1,28,2,,,,,0,1,0,1,0,0,0,
2015,1258,8/18/2015,2,C,G,GC,I2,J3,PL,H7155/H7331,P,"1,2",1,2,1,25,,1,2,,,3,1,0,4,0,0,0,
2015,1258,8/18/2015,2,C,G,GC,I5,G6,PL,H7232,P,2,1,2,1,29,,1,2,,,0,2,0,2,0,0,0,
2015,1258,8/18/2015,2,C,G,GC,I10,I9,PL,H7338,P,1,1,2,1,21,,1,2,,,1,0,0,1,0,0,0,
2015,1258,8/18/2015,2,C,G,GC,A10,,PL,H7379,P,1,1,2,1,23,,1,1,,,1,0,0,1,0,0,0,
2015,1258,8/18/2015,2,C,G,GC,A10,,PL,H7364,P,1,1,1,1,26,2,,,,,7,3,0,10,0,0,0,
2015,1258,8/18/2015,2,C,G,GC,A5,A4,PL,H7435,P,1,1,1,1,23,2,,,,,10,5,0,15,0,0,0,
2015,1258,8/18/2015,2,C,G,GC,A5,B4,PL,H7399,P,1,1,1,1,25,2,,,,,4,2,2,8,0,0,0,
2015,1258,8/18/2015,2,C,G,GC,C6,,PL,H7365,N,1,2,1,2,17,2,,,,,1,1,0,2,0,0,0,
2015,1258,8/18/2015,2,C,G,GC,,I11,PL,H7461,P,1,1,1,1,22,2,,,,,5,5,0,10,1,0,0,
2015,1258,8/18/2015,2,C,G,GC,,B10,PL,H7366,N,1,2,1,1,20,2,,,,,0,1,0,1,0,0,0,
2015,1256,8/5/2015,0,C,G,GC,,21,PL,H4662,P,1,1,1,1,32,2,,,,,1,1,3,5,0,0,0,
2015,1256,8/5/2015,0,C,G,GC,,21,PL,H7260,P,1,1,2,1,24,,2,2,,,1,0,0,1,0,0,0,
2015,1256,8/5/2015,0,C,G,GC,,36,PL,H7486,P,1,1,2,1,24,,2,2,,,0,0,0,0,0,0,0,
2015,1255,7/28/2015,1,X,G,GX,K1,I2,PL,E6033,P,1,1,2,1,37,,2,2,1,1,6,5,0,11,0,0,0,
2015,1255,7/28/2015,1,X,G,GX,K1,K1,PL,E6455,N,1,2,2,1,22,,2,2,,,1,5,3,9,0,0,0,
2015,1255,7/28/2015,1,X,G,GX,K2,J1,PL,E6412,P,2,1,1,1,27,2,,,,,2,6,1,9,0,0,0,
2015,1255,7/28/2015,1,X,G,GX,K3,K2,PL,E6408,P,1,1,1,2,19,2,,,,,1,0,2,3,0,0,0,
2015,1255,7/28/2015,1,X,G,GX,K3,,PL,E6598,P,1,1,1,1,24,2,,,,,0,0,0,0,0,0,0,
2015,1255,7/28/2015,1,X,G,GX,K5,K5,PL,E6556,P,1,1,2,1,21,,2,1,,,0,0,0,0,0,0,0,
2015,1255,7/28/2015,1,X,G,GX,K6,K6,PL,E6454,N,1,2,2,3,10,,1,1,,,0,0,0,0,0,0,0,
2015,1255,7/28/2015,1,X,G,GX,K6,K9,PL,E6467,P,1,1,1,1,17,2,,,,,0,0,2,2,0,0,0,
2015,1255,7/28/2015,1,X,G,GX,K7,,PL,E6453,N,1,2,1,2,13,1,,,,,0,0,0,0,0,0,0,
2015,1255,7/28/2015,1,X,G,GX,E5,,PL,E6404,P,1,1,1,3,13,1,,,,,1,3,0,4,0,0,0,
2015,1255,7/28/2015,1,X,G,GX,E5,C1,PL,E6402,P,1,1,2,3,11,,1,1,,,2,2,3,7,0,0,0,
2015,1255,7/28/2015,1,X,G,GX,E7,E7,PL,E6301,P,1,1,1,1,18,2,,,,,2,0,0,2,0,0,0,
2015,1255,7/28/2015,1,X,G,GX,,K2,PL,E6583,P,1,1,2,1,17,,2,2,,,5,2,1,8,0,0,0,
2015,1255,7/28/2015,1,X,G,GX,,K7,PL,E6569,N,1,2,2,2,11,,1,2,,,0,0,0,0,0,0,0,
2015,1255,7/28/2015,1,X,G,GX,,K7,PL,E6570,N,1,2,1,2,14,1,,,,,0,0,1,1,0,0,0,
2015,1255,7/28/2015,1,X,G,GX,F3,E1,PL,E6251,P,1,1,2,1,31,,1,2,,,1,2,0,3,0,0,0,1
2015,1255,7/28/2015,1,X,G,GX,F8,G8,PL,E6483,P,1,1,2,1,17,,1,2,,,0,0,0,0,0,0,0,
2015,1255,7/28/2015,1,X,G,GX,F10,G11,PL,E6144,P,1,1,1,1,30,2,,,,,0,1,0,1,0,0,1,
2015,1255,7/28/2015,1,X,G,GX,F10,G10,PL,E6091,P,1,1,2,1,29,,1,2,,,0,0,0,0,0,0,0,
2015,1255,7/28/2015,1,X,G,GX,E4,F4,PL,E6403,P,1,1,1,2,15,2,,,,,3,0,0,3,0,0,0,
2015,1255,7/28/2015,1,X,G,GX,E4,E6,PL,E6261,P,1,1,1,1,24,2,,,,,2,0,0,2,0,0,0,
2015,1255,7/28/2015,1,X,G,GX,H4,H6,PL,E6044,P,1,1,2,1,27,,2,2,1,,0,0,0,0,0,0,0,
2015,1255,7/28/2015,1,X,G,GX,H7,G6,PL,E6504,P,1,1,2,1,19,,1,2,,1,1,0,0,1,0,0,0,
2015,1255,7/28/2015,1,X,G,GX,H8,H8,PL,E6409,P,1,1,2,2,19,,1,2,,,0,0,0,0,0,0,0,
2015,1255,7/28/2015,1,X,G,GX,H9,G9,PL,E6462,P,1,1,2,1,20,,1,1,,,0,0,0,0,0,0,0,
2015,1255,7/28/2015,1,X,G,GX,B4,A2,PL,E6019,P,1,1,1,1,30,2,,,,,0,0,3,3,0,0,0,
2015,1255,7/28/2015,1,X,G,GX,B2,D5,PL,E6471,P,2,1,1,1,29,2,,,,,2,1,0,3,0,0,0,
2015,1255,7/28/2015,1,X,G,GX,B1,,PL,E6579,P,2,1,1,1,28,2,,,,,5,5,1,11,2,4,2,
2015,1255,7/28/2015,1,X,G,GX,G1,,PL,E6302/E6407,P,"1,2",1,1,1,17,2,,,,,1,0,0,1,0,0,0,
2015,1255,7/28/2015,1,X,G,GX,G5,G4,PL,E6113,P,1,1,2,1,28,,2,2,,1,3,0,0,3,0,0,0,
2015,1255,7/28/2015,1,X,G,GX,G6,F7,PL,E6553,P,1,1,2,1,26,,2,1,,,1,0,0,1,0,0,0,
2015,1255,7/28/2015,1,X,G,GX,G7,G7,PL,E6401,P,2,1,1,1,23,2,,,,,0,1,0,1,0,0,0,
2015,1255,7/28/2015,1,X,G,GX,A2,A1,PL,E6567,N,1,2,1,1,23,2,,,,,0,0,0,0,0,0,0,
2015,1255,7/28/2015,1,X,G,GX,A2,,PL,E6432,P,1,1,1,2,15,2,,,,,9,4,1,14,0,0,1,
2015,1255,7/28/2015,1,X,G,GX,A3,A4,PL,E6576,P,1,1,2,1,26,,2,2,,,1,1,1,3,0,0,0,
2015,1255,7/28/2015,1,X,G,GX,J1,,PL,E6581,P,1,1,1,1,19,2,,,,,8,6,0,14,1,0,0,
2015,1255,7/28/2015,1,X,G,GX,J4,,PL,E6480,P,1,1,2,1,21,,1,1,,,0,0,0,0,0,0,0,
2015,1255,7/28/2015,1,X,G,GX,J7,I11,PL,E6063,P,1,1,2,1,28,,1,2,1,,2,0,0,2,0,0,0,
2015,1255,7/28/2015,1,X,G,GX,J8,,PL,E6460,P,1,1,1,1,22,2,,,,,0,2,0,2,0,1,0,
2015,1255,7/28/2015,1,X,G,GX,J10,J10,PL,E6214,P,1,1,2,1,27,,1,1,,,4,0,0,4,0,0,0,
2015,1255,7/28/2015,1,X,G,GX,D2,D1,PL,E6528,P,1,1,1,1,33,2,,,,,5,3,0,8,0,0,0,
2015,1255,7/28/2015,1,X,G,GX,D7,E8,PL,E6299,P,1,1,1,1,32,2,,,,,0,0,0,0,0,0,0,
2015,1255,7/28/2015,1,X,G,GX,D10,D10,PL,E6456,P,1,1,1,2,19,2,,,,,0,0,0,0,0,0,0,
2015,1255,7/28/2015,1,X,G,GX,A10,A9,PL,E6511,P,2,1,1,1,23,2,,,,,1,2,1,4,0,1,0,
2015,1255,7/28/2015,1,X,G,GX,A8,,PL,E6428,P,1,1,1,1,27,2,,,,,0,0,0,0,0,0,0,
2015,1255,7/28/2015,1,X,G,GX,A5,A7,PL,E6503,RT,2,1,2,1,23,,1,2,,,0,0,0,0,0,0,0,
2015,1255,7/28/2015,1,X,G,GX,,G1,PL,E6426,P,1,1,2,2,18,,1,1,,,0,1,0,1,0,0,0,
2015,1255,7/28/2015,1,X,G,GX,,A8,PL,E6502,N,1,2,2,1,,,2,1,,,0,3,0,3,0,0,0,
2015,1255,7/28/2015,1,X,G,GX,I5,I5,PL,E6180,P,1,1,1,1,28,2,,,,,2,0,0,2,0,0,0,
2015,1255,7/28/2015,1,X,G,GX,I10,I11,PL,E6563,P,1,1,1,1,22,2,,,,,0,1,0,1,0,0,0,
2015,1255,7/28/2015,1,X,G,GX,I11,H11,PL,E6472,P,1,1,2,1,20,,1,1,,,0,0,0,0,0,0,0,
2015,1255,7/28/2015,1,X,G,GX,C11,A10,PL,E6527,P,1,1,2,1,19,,2,1,,,0,0,0,0,0,0,0,
2015,1255,7/28/2015,1,X,G,GX,C9,B10,PL,E6459,P,1,1,2,2,17,,1,1,,,1,0,0,1,0,0,0,1
2015,1255,7/28/2015,1,X,G,GX,C8,D7,PL,E6269,P,1,1,2,1,25,,1,2,,,1,0,0,1,0,0,0,
2015,1255,7/28/2015,1,X,G,GX,C6,D6,PL,E6431,P,1,1,2,1,19,,1,1,,,0,0,0,0,0,0,0,
2015,1255,7/28/2015,1,X,G,GX,C5,D2,PL,E6405,P,2,1,2,1,23,,1,2,,,0,1,0,1,0,0,0,
2015,1255,7/28/2015,1,X,G,GX,,I4,PL,E6304,N,1,2,1,1,17,1,,,,,3,0,0,3,0,0,0,
2015,1255,7/28/2015,1,X,G,GX,,A2,PL,E6305,N,1,2,2,1,17,,2,1,,,0,0,0,0,0,0,0,
2015,1258,8/20/2015,2,X,G,GX,H1,H2,PL,E6426,P,1,1,2,2,20,,1,1,,,7,1,1,9,0,0,0,
2015,1258,8/20/2015,2,X,G,GX,H5,J9,PL,E6460,P,1,1,1,1,22,2,,,,,0,1,1,2,0,0,0,
2015,1258,8/20/2015,2,X,G,GX,H6,I8,PL,E6401,P,2,1,1,1,26,2,,,,,1,1,2,4,0,0,0,
2015,1258,8/20/2015,2,X,G,GX,H7,G6,PL,E6504,P,1,1,2,1,29,,1,2,1,1,0,0,0,0,0,0,0,
2015,1258,8/20/2015,2,X,G,GX,H11,I11,PL,E6563,P,1,1,1,1,25,2,,,,,0,0,1,1,0,0,0,
2015,1258,8/20/2015,2,X,G,GX,B1,C3,PL,E6402,P,1,1,2,1,17,,2,1,,,5,3,3,11,0,0,0,
2015,1258,8/20/2015,2,X,G,GX,B4,A5,PL,E6576,P,1,1,2,1,32,,1,2,1,,7,0,2,9,0,0,1,
2015,1258,8/20/2015,2,X,G,GX,B9,E9,PL,E6459,P,1,1,2,1,20,,2,1,,,1,0,0,1,0,0,0,
2015,1258,8/20/2015,2,X,G,GX,B11,A9,PL,E6527,P,1,1,2,1,21,,2,1,,,2,3,1,6,0,0,0,
2015,1258,8/20/2015,2,X,G,GX,A8,A9,PL,E6428,P,1,1,1,1,27,2,,,,,3,0,0,3,1,0,0,
2015,1258,8/20/2015,2,X,G,GX,A7,A8,PL,E6269,P,1,1,2,1,24,,2,2,,,1,2,2,5,0,0,0,
2015,1258,8/20/2015,2,X,G,GX,,H2,PL,E6573,N,1,2,1,1,18,2,,,,,1,2,1,4,0,0,0,
2015,1258,8/20/2015,2,X,G,GX,,B10,PL,E6540,P,1,1,1,1,26,2,,,,,0,0,1,1,1,0,0,
2015,1258,8/20/2015,2,X,G,GX,G4,F3,PL,E6528,P,1,1,1,1,,2,,,,,5,2,0,7,0,0,0,
2015,1258,8/20/2015,2,X,G,GX,I1,J1,PL,E6412,P,2,1,1,1,28,2,,,,,4,6,3,13,0,0,0,
2015,1258,8/20/2015,2,X,G,GX,I4,K5,PL,E6304,P,1,1,1,1,21,2,,,,,2,1,1,4,0,0,0,
2015,1258,8/20/2015,2,X,G,GX,I5,K5,PL,E6480,P/D,1,3,2,1,21,,2,2,1,1,0,1,1,2,0,0,0,
2015,1258,8/20/2015,2,X,G,GX,I7,J8,PL,E6453,P,1,1,1,1,19,2,,,,,3,1,0,4,0,0,0,
2015,1258,8/20/2015,2,X,G,GX,C9,C8,PL,E6299,P,1,1,1,1,31,2,,,,,4,0,3,7,0,0,0,
2015,1258,8/20/2015,2,X,G,GX,C5,C4,PL,E6405,P,2,1,2,1,24,,2,2,1,1,1,1,0,2,0,0,0,
2015,1258,8/20/2015,2,X,G,GX,C3,B1,PL,E6471,P,2,1,1,1,28,2,,,,,4,2,1,7,0,0,0,
2015,1258,8/20/2015,2,X,G,GX,A2,A3,PL,E6019,P,1,1,1,1,31,2,,,,,3,2,2,7,0,0,0,
2015,1258,8/20/2015,2,X,G,GX,A2,A2,PL,E6567,P,1,1,1,1,24,2,,,,,5,6,0,11,0,0,0,
2015,1258,8/20/2015,2,X,G,GX,A4,,PL,E6597,N,1,2,1,1,21,2,,,,,1,2,1,4,0,0,0,
2015,1258,8/20/2015,2,X,G,GX,A5,A6,PL,E6503,P,2,1,2,1,23,,2,2,1,1,0,2,0,2,0,0,0,
2015,1258,8/20/2015,2,X,G,GX,,I9,PL,E6433,N,1,2,1,1,22,2,,,,,5,3,2,10,0,0,0,
2015,1258,8/20/2015,2,X,G,GX,,D1,PL,E6251,P,1,1,2,1,30,,2,2,1,1,1,1,0,2,0,0,0,
2015,1258,8/20/2015,2,X,G,GX,K2,I1,PL,E6033,P,1,1,2,1,31,,2,2,,,2,1,0,3,0,0,0,
2015,1258,8/20/2015,2,X,G,GX,K2,K4,PL,E6598,P,1,1,1,1,26,2,,,,,7,4,0,11,0,0,0,
2015,1258,8/20/2015,2,X,G,GX,K3,J3,PL,E6556,P,1,1,2,1,24,,1,1,,,0,0,0,0,0,0,1,
2015,1258,8/20/2015,2,X,G,GX,K6,J9,PL,E6467,P,1,1,1,1,19,2,,,,,0,2,0,2,0,0,0,
2015,1258,8/20/2015,2,X,G,GX,K7,,PL,E6463,P,1,1,1,1,21,2,,,,,4,1,0,5,0,0,0,
2015,1258,8/20/2015,2,X,G,GX,K7,,PL,E6569,P,1,1,2,1,15,,2,2,,,1,3,0,4,0,0,0,
2015,1258,8/20/2015,2,X,G,GX,K8,,PL,E6536,P,2,1,1,1,21,2,,,,,1,8,1,10,0,0,0,
2015,1258,8/20/2015,2,X,G,GX,E4,C5,PL,E6261,P,1,1,1,1,24,2,,,,,7,2,1,10,0,0,0,
2015,1258,8/20/2015,2,X,G,GX,G7,H7,PL,E6409,P,1,1,2,1,22,,1,2,,,0,1,0,1,0,0,0,
2015,1258,8/20/2015,2,X,G,GX,G9,G10,PL,E6462,P,1,1,2,1,25,,1,1,,,1,0,0,1,0,0,0,
2015,1258,8/20/2015,2,X,G,GX,G10,F9,PL,E6091,P,1,1,2,1,34,,1,2,,1,0,0,0,0,0,0,0,
2015,1258,8/20/2015,2,X,G,GX,G11,G11,PL,E6472,P,1,1,2,1,28,,1,2,,1,2,0,0,2,0,0,0,
2015,1258,8/20/2015,2,X,G,GX,,G11,PL,E6311,N,1,2,1,1,28,2,,,,,3,5,0,8,0,0,0,
2015,1258,8/20/2015,2,X,G,GX,,C2,PL,E6579,P,2,1,1,1,29,2,,,,,15,9,6,30,0,0,1,
2015,1258,8/20/2015,2,X,G,GX,D10,C9,PL,E6456,P,1,1,1,1,23,2,,,,,2,4,0,6,0,0,0,
2015,1258,8/20/2015,2,X,G,GX,D10,C11,PL,E6511,P,2,1,1,1,28,2,,,,,4,8,1,13,0,0,0,
2015,1258,8/20/2015,2,X,G,GX,D7,F8,PL,E6306,P,1,1,1,1,25,2,,,,,3,1,0,4,0,0,0,
2015,1258,8/20/2015,2,X,G,GX,D6,D6,PL,E6553,P,1,1,2,1,33,,2,1,,,0,0,0,0,0,0,0,
2015,1258,8/20/2015,2,X,G,GX,D3,E4,PL,E6572,N,1,2,1,1,22,2,,,,,2,4,0,6,0,0,0,
2015,1258,8/20/2015,2,X,G,GX,,J10,PL,E6214,P,1,1,2,1,30,,1,2,,,2,0,0,2,0,0,0,
2015,1258,8/20/2015,2,X,G,GX,F5,G5,PL,E6113,P,1,1,2,1,29,,2,2,1,,3,1,0,4,0,0,0,
2015,1258,8/20/2015,2,X,G,GX,F8,F7,PL,E6483,P,1,1,2,1,20,,2,1,,,1,0,0,1,0,0,0,
2015,1258,8/20/2015,2,X,G,GX,F11,F11,PL,E6144,P,1,1,1,1,34,2,,,,,2,1,0,3,0,0,0,
2015,1258,8/20/2015,2,X,G,GX,,K4,PL,E6413,N,1,2,2,1,22,,2,1,,,0,1,0,1,0,0,0,
2015,1256,8/5/2015,0,X,G,GX,27,,PL,E6304,P,1,1,1,1,19,2,,,,,9,4,2,15,0,0,0,
2015,1256,8/5/2015,0,X,G,GX,26,,PL,E6113,P,1,1,2,1,29,,2,2,,,4,2,1,7,0,0,0,
2015,1256,8/5/2015,0,X,G,GX,23,,PL,E6251,P,1,1,2,1,26,,2,2,,,0,4,0,4,0,0,0,
2015,1256,8/5/2015,0,X,G,GX,16,,PL,E6456,P,1,1,1,1,20,2,,,,,0,0,0,0,0,0,0,
2015,1256,8/5/2015,0,X,G,GX,15,,PL,E6306,N,1,2,1,1,21,2,,,,,0,1,0,1,0,0,0,
2015,1256,8/5/2015,0,X,G,GX,8,,PL,E6503,P,2,1,2,1,27,,1,2,,,2,3,0,5,0,0,0,
2015,1256,8/5/2015,0,X,G,GX,5,,PL,E6527,P,1,1,2,1,24,,2,2,,,0,0,0,0,0,0,0,
2015,1256,8/5/2015,0,X,G,GX,5,,PL,E6511,P,2,1,1,1,24,2,,,,,9,5,2,16,0,0,0,
2015,1257,8/11/2015,1,C,H,HC,H1,,PL,H6730,P,1,1,2,2,18,,1,1,,,3,1,2,6,0,0,0,
2015,1257,8/11/2015,1,C,H,HC,H2,I2,PL,H6747,P,1,1,2,1,20,,2,1,,,8,5,1,14,0,0,0,
2015,1257,8/11/2015,1,C,H,HC,H8,,PL,H6839,N,1,2,2,2,16,,1,1,,,7,6,2,15,0,0,0,
2015,1257,8/11/2015,1,C,H,HC,H8,G6,PL,H6704,P,1,1,1,1,18,2,,,,,10,11,3,24,0,0,0,
2015,1257,8/11/2015,1,C,H,HC,H9,H8,PL,H6840,N,1,2,1,1,20,2,,,,,3,2,4,9,0,0,1,
2015,1257,8/11/2015,1,C,H,HC,H11,G11,PL,H6732,P,1,1,1,1,29,2,,,,,8,3,4,15,0,0,0,
2015,1257,8/11/2015,1,C,H,HC,H11,G11,PL,H6594,P,1,1,2,1,25,,2,2,,,3,2,2,7,0,0,0,
2015,1257,8/11/2015,1,C,H,HC,,H1,PL,H6811,N,1,2,2,1,22,,1,2,,,2,3,2,7,0,0,1,
2015,1257,8/11/2015,1,C,H,HC,,H3,PL,H6812/H6851,N,"1,2",2,1,1,22,2,,,,,16,12,10,38,0,0,1,
2015,1257,8/11/2015,1,C,H,HC,,H10,PL,H6852,N,1,2,2,1,18,,2,1,,,1,0,1,2,0,0,0,
2015,1257,8/11/2015,1,C,H,HC,,H11,PL,H6853,N,1,2,1,1,26,2,,,,,9,5,3,17,0,0,3,
2015,1257,8/11/2015,1,C,H,HC,,B11,PL,H6773,P,1,1,1,1,22,2,,,,,6,3,3,12,2,1,1,
2015,1257,8/11/2015,1,C,H,HC,J3,,PL,H6719,P,1,1,2,2,15,,1,2,,,3,3,0,6,0,0,0,
2015,1257,8/11/2015,1,C,H,HC,K3,,PL,H6520,P,1,1,2,1,22,,1,2,,,2,0,1,3,0,0,0,
2015,1257,8/11/2015,1,C,H,HC,J4,J4,PL,H6438,P,1,1,1,1,27,2,,,,,3,6,2,11,0,0,0,
2015,1257,8/11/2015,1,C,H,HC,J9,,PL,H6804,N,1,2,1,2,18,2,,,,,6,7,3,16,0,0,0,
2015,1257,8/11/2015,1,C,H,HC,J11,,PL,H6717,P,1,1,2,1,22,,2,1,,,9,8,5,22,0,0,0,
2015,1257,8/11/2015,1,C,H,HC,D11,D11,PL,H6419,P,1,1,2,1,27,,1,2,,,8,1,1,10,0,0,0,
2015,1257,8/11/2015,1,C,H,HC,D1,,PL,H6805,N,1,2,1,1,23,2,,,,,3,9,1,13,0,0,0,
2015,1257,8/11/2015,1,C,H,HC,D1,,PL,H6806,N,1,2,2,1,21,,2,1,,,3,1,2,6,0,0,0,
2015,1257,8/11/2015,1,C,H,HC,B1,,PL,H6807,N,1,2,1,1,21,2,,,,,2,1,2,5,0,0,0,
2015,1257,8/11/2015,1,C,H,HC,B4,B5,PL,H6783,P,1,1,1,1,19,2,,,,,5,6,2,13,0,0,0,
2015,1257,8/11/2015,1,C,H,HC,B8,B7,PL,H6728,P,1,1,2,1,17,,1,2,,,2,0,1,3,0,0,0,
2015,1257,8/11/2015,1,C,H,HC,B10,B10,PL,H6714,P,1,1,2,1,17,,1,1,,,1,1,0,2,0,0,0,
2015,1257,8/11/2015,1,C,H,HC,B11,,PL,H6808,N,1,2,1,1,20,2,,,,,2,6,1,9,0,0,0,
2015,1257,8/11/2015,1,C,H,HC,A7,,PL,H6437,P,1,1,2,1,23,,1,1,,1,6,8,1,15,0,0,0,
2015,1257,8/11/2015,1,C,H,HC,A7,C7,PL,H6552,P,1,1,1,1,22,2,,,,,2,2,0,4,0,0,0,
2015,1257,8/11/2015,1,C,H,HC,A5,B5,PL,H6513,P,1,1,2,1,24,,1,1,,,10,11,0,21,0,0,0,
2015,1257,8/11/2015,1,C,H,HC,A4,,PL,H6767,P,1,1,2,2,17,,1,1,,,3,0,3,6,0,0,0,
2015,1257,8/11/2015,1,C,H,HC,A3,A3,PL,H6809,N,1,2,1,1,22,2,,,,,4,6,1,11,0,0,0,
2015,1257,8/11/2015,1,C,H,HC,A1,,PL,H6810,N,1,2,1,1,19,2,,,,,6,5,3,14,0,0,0,
2015,1257,8/11/2015,1,C,H,HC,,G5,PL,H6785,N,1,2,1,1,21,2,,,,,3,9,1,13,0,0,0,
2015,1257,8/11/2015,1,C,H,HC,K1,,PL,H6813,N,1,2,1,1,20,2,,,,,8,19,0,27,0,0,0,
2015,1257,8/11/2015,1,C,H,HC,K1,K1,PL,H6557,P,1,1,1,1,29,2,,,,,3,0,5,8,0,0,0,
2015,1257,8/11/2015,1,C,H,HC,K4,J3,PL,H6510,P,1,1,1,1,31,2,,,,,0,0,0,0,0,0,0,
2015,1257,8/11/2015,1,C,H,HC,K5,,PL,H6814,N,1,2,1,1,24,2,,,,,1,0,0,1,0,0,0,
2015,1257,8/11/2015,1,C,H,HC,K5,K8,PL,H6643,P,1,1,1,1,20,2,,,,,1,1,0,2,0,0,0,
2015,1257,8/11/2015,1,C,H,HC,K8,,PL,H6521,P,1,1,2,1,23,,1,1,,,0,2,0,2,0,0,0,
2015,1257,8/11/2015,1,C,H,HC,K8,K7,PL,H6547,P,1,1,1,1,21,2,,,,,4,6,1,11,0,0,0,
2015,1257,8/11/2015,1,C,H,HC,K11,,PL,H6755,P,1,1,1,1,25,2,,,,,1,0,1,2,0,0,0,
2015,1257,8/11/2015,1,C,H,HC,E10,E10,PL,H6636,P,1,1,1,1,25,1,,,,,2,0,0,2,0,0,0,
2015,1257,8/11/2015,1,C,H,HC,E8,F8,PL,H6734,P,1,1,2,1,16,,2,1,,,0,0,0,0,0,0,0,
2015,1257,8/11/2015,1,C,H,HC,E7,E9,PL,H6815,N,1,2,2,1,18,,1,1,,,3,2,0,5,0,0,0,
2015,1257,8/11/2015,1,C,H,HC,E6,C5,PL,H6735,P,1,1,1,1,24,2,,,,,3,0,1,4,0,0,0,
2015,1257,8/11/2015,1,C,H,HC,E5,D3,PL,H6617,P,1,1,1,1,26,2,,,,,23,14,8,45,0,0,0,
2015,1257,8/11/2015,1,C,H,HC,E5,E6,PL,H6675,P/D,1,3,2,1,31,,2,2,,,3,3,0,6,0,0,0,
2015,1257,8/11/2015,1,C,H,HC,E4,F4,PL,H6610,P,1,1,2,1,22,,2,1,,,4,6,7,17,0,0,0,
2015,1257,8/11/2015,1,C,H,HC,E3,,PL,H6611,P,1,1,2,1,22,,2,1,,,1,4,0,5,0,0,0,
2015,1257,8/11/2015,1,C,H,HC,E1,F2,PL,H5394,P,1,1,1,1,28,2,,,,,9,2,3,14,0,0,0,
2015,1257,8/11/2015,1,C,H,HC,,K1,PL,H6802,N,1,2,1,1,17,2,,,,,10,7,6,23,0,0,0,
2015,1257,8/11/2015,1,C,H,HC,,K2,PL,H6449,P,1,1,2,1,23,,2,1,,,9,1,1,11,0,0,0,
2015,1257,8/11/2015,1,C,H,HC,,K2,PL,H6801,N,1,2,1,1,19,2,,,,,2,0,3,5,0,0,0,
2015,1257,8/11/2015,1,C,H,HC,,K3,PL,E7526,P,1,1,1,1,24,2,,,,,0,3,5,8,0,0,0,
2015,1257,8/11/2015,1,C,H,HC,,K6,PL,H6725,N,1,2,2,1,20,,2,1,,,1,0,1,2,0,0,0,
2015,1257,8/11/2015,1,C,H,HC,,K9,PL,H6654,P,1,1,2,1,20,,1,1,,,4,4,0,8,0,0,0,
2015,1257,8/11/2015,1,C,H,HC,,K11,PL,H6723,N,1,2,1,1,23,2,,,,,1,0,1,2,0,0,1,
2015,1257,8/11/2015,1,C,H,HC,,K11,PL,H6722,N,1,2,2,1,16,,1,2,,,0,1,0,1,0,0,0,
2015,1257,8/11/2015,1,C,H,HC,,E11,PL,H6721,N,1,2,2,3,13,,1,1,,,1,1,0,2,0,0,0,
2015,1257,8/11/2015,1,C,H,HC,F8,E8,PL,H6448,P,1,1,1,1,24,2,,,,,2,0,2,4,0,0,0,
2015,1257,8/11/2015,1,C,H,HC,I1,I1,PL,H6754,P,1,1,2,1,28,,2,1,,,2,0,0,2,0,0,0,
2015,1257,8/11/2015,1,C,H,HC,I1,J2,PL,H6803,RT,2,1,1,1,26,2,,,,,6,4,0,10,0,1,0,
2015,1257,8/11/2015,1,C,H,HC,I6,I5,PL,H6706,P,1,1,2,1,27,,1,1,,,0,2,0,2,0,1,0,
2015,1257,8/11/2015,1,C,H,HC,I6,,PL,H6731,P,1,1,1,1,23,2,,,,,9,10,2,21,2,1,0,
2015,1257,8/11/2015,1,C,H,HC,I7,J9,PL,H6405,P,1,1,2,1,33,,2,2,,,2,3,0,5,0,0,0,
2015,1257,8/11/2015,1,C,H,HC,C11,D11,PL,H6411,P,1,1,1,1,33,2,,,,,6,4,0,10,0,2,0,
2015,1257,8/11/2015,1,C,H,HC,C9,C9,PL,H6777,P,1,1,1,1,24,2,,,,,4,7,0,11,0,0,0,
2015,1257,8/11/2015,1,C,H,HC,C5,D7,PL,H6736,P,1,1,2,2,19,,1,1,,,4,2,0,6,0,0,0,
2015,1257,8/11/2015,1,C,H,HC,C2,C4,PL,H6532,P,1,1,2,1,34,,1,2,,1,8,6,0,14,0,0,0,
2015,1257,8/11/2015,1,C,H,HC,C1,,PL,H6572,P,1,1,2,1,29,,1,2,,,7,7,0,14,0,0,0,
2015,1257,8/11/2015,1,C,H,HC,,I1,PL,H6626,P,1,1,2,1,29,,1,2,1,,12,13,0,25,0,1,0,
2015,1257,8/11/2015,1,C,H,HC,,C9,PL,H6765,P,1,1,2,1,,,1,1,,,0,1,0,1,0,0,0,
2015,1257,8/11/2015,1,C,H,HC,,A4,PL,H6615,P,1,1,1,1,26,2,,,,,11,9,0,20,0,0,0,
2015,1257,8/11/2015,1,C,H,HC,,B2,PL,H6406,P,1,1,1,1,28,2,,,,,9,4,4,17,1,3,3,
2015,1257,8/11/2015,1,C,H,HC,F2,,PL,H6779,P,1,1,2,1,18,,2,2,,1,14,4,2,20,0,0,0,
2015,1257,8/11/2015,1,C,H,HC,F2,,PL,H6784,N,1,2,2,2,19,,2,2,,,1,8,1,10,0,0,0,
2015,1257,8/11/2015,1,C,H,HC,F3,H2,PL,H6726,P,1,1,1,1,21,2,,,,,17,8,11,36,0,0,0,
2015,1257,8/11/2015,1,C,H,HC,F4,H5,PL,H6635,P,1,1,1,1,21,2,,,,,3,1,2,6,0,0,0,
2015,1257,8/11/2015,1,C,H,HC,F5,F4,PL,H6581,P,1,1,1,1,28,2,,,,,7,8,13,28,0,0,1,
2015,1257,8/11/2015,1,C,H,HC,F6,F6,PL,H6514,P,1,1,2,1,27,,1,2,1,1,2,1,3,6,0,0,0,
2015,1257,8/11/2015,1,C,H,HC,F7,,PL,H6650,P,1,1,1,1,18,2,,,,,2,1,0,3,0,0,0,
2015,1257,8/11/2015,1,C,H,HC,,A7,PL,H6838,N,1,2,1,1,20,2,,,,,13,6,0,19,0,0,0,
2015,1257,8/11/2015,1,C,H,HC,G1,G1,PL,H6565,P,1,1,2,1,24,,1,2,,,4,2,2,8,0,0,0,
2015,1257,8/11/2015,1,C,H,HC,G3,G4,PL,H6523,P,1,1,1,2,15,1,,,,,8,1,5,14,0,0,0,
2015,1257,8/11/2015,1,C,H,HC,G4,H4,PL,H6695,P,1,1,1,1,29,2,,,,,15,4,7,26,0,0,0,
2015,1257,8/11/2015,1,C,H,HC,G5,G5,PL,H6739,N,1,2,1,2,20,2,,,,,2,3,0,5,0,0,0,
2015,1257,8/11/2015,1,C,H,HC,G8,F7,PL,H5327,P,1,1,1,1,31,2,,,,,6,4,4,14,0,0,0,
2015,1257,8/11/2015,1,C,H,HC,G11,,PL,H6740,N,1,2,2,1,20,,2,1,,,0,0,0,0,0,0,0,
2015,1257,8/11/2015,1,C,H,HC,A11,,PL,H6605,P,1,1,2,1,27,,2,1,,,6,2,2,10,0,0,0,
2015,1257,8/11/2015,1,C,H,HC,A11,A11,PL,H6639,P,1,1,2,1,18,,2,1,,,4,1,0,5,0,0,0,
2015,1257,8/11/2015,1,C,H,HC,A10,,PL,H6536,P,1,1,1,1,28,2,,,,,16,8,3,27,0,0,0,
2015,1257,8/11/2015,1,C,H,HC,A8,A10,PL,H6774,P,1,1,1,1,22,2,,,,,7,4,1,12,0,0,0,
2015,1257,8/11/2015,1,C,H,HC,A8,A9,PL,H6782,P,1,1,2,1,18,,1,1,,,1,0,0,1,0,0,0,
2015,1257,8/11/2015,1,C,H,HC,A6,A7,PL,H6766,P,1,1,2,2,12,,1,1,,,1,1,0,2,0,0,0,
2015,1257,8/11/2015,1,C,H,HC,A6,,PL,H6538,P,1,1,2,1,25,,2,2,,,2,4,0,6,0,0,0,
2015,1257,8/11/2015,1,C,H,HC,A2,A2,PL,H6562,P,1,1,1,1,27,2,,,,,5,2,0,7,0,0,0,
2015,1257,8/11/2015,1,C,H,HC,A2,B2,PL,H6539,P,2,1,2,1,24,,2,2,1,,5,2,2,9,0,0,0,
2015,1257,8/11/2015,1,C,H,HC,,J1,PL,H6817,N,1,2,1,1,20,2,,,,,11,4,1,16,0,0,0,
2015,1257,8/11/2015,1,C,H,HC,,J5,PL,H6685,P,1,1,2,1,27,,2,2,,1,8,2,0,10,0,0,0,
2015,1257,8/11/2015,1,C,H,HC,,D3,PL,H6707,P,1,1,2,2,18,,2,2,,,4,3,2,9,0,0,0,
2015,1257,8/11/2015,1,C,H,HC,,B1,PL,H6818,N,1,2,1,1,25,2,,,,,3,2,2,7,0,0,0,
2015,1260,9/3/2015,2,C,H,HC,J5,J7,PL,H6547,P,1,1,1,1,23,2,,,,,1,1,0,2,0,0,0,1
2015,1260,9/3/2015,2,C,H,HC,J6,J5,PL,H6438,P,1,1,1,1,30,2,,,,,3,4,0,7,0,0,1,1
2015,1260,9/3/2015,2,C,H,HC,J6,J5,PL,H6521,P,1,1,2,1,27,,2,2,,,2,1,0,3,0,0,0,
2015,1260,9/3/2015,2,C,H,HC,J8,J9,PL,H6499,P,1,1,2,1,20,,1,2,1,1,0,1,0,1,0,0,0,1
2015,1260,9/3/2015,2,C,H,HC,J9,J8,PL,H6804,P,1,1,1,2,21,2,,,,,2,2,0,4,0,0,0,
2015,1260,9/3/2015,2,C,H,HC,J11,I11,PL,H6755,P,1,1,1,1,25,2,,,,,9,3,3,15,0,0,0,
2015,1260,9/3/2015,2,C,H,HC,E10,D10,PL,H6819,N,1,2,2,1,26,,2,2,1,1,0,0,0,0,0,0,0,
2015,1260,9/3/2015,2,C,H,HC,E10,C9,PL,H6823,N,1,2,1,1,17,2,,,,,1,4,0,5,0,0,0,
2015,1260,9/3/2015,2,C,H,HC,E7,D7,PL,H6815,P,1,1,2,1,20,,1,2,1,,0,0,0,0,0,0,0,
2015,1260,9/3/2015,2,C,H,HC,E5,E4,PL,H6739,P,1,1,1,1,21,2,,,,,8,9,0,17,0,0,0,
2015,1260,9/3/2015,2,C,H,HC,E4,,PL,H6610,P,1,1,2,1,27,,1,2,1,1,2,0,1,3,0,0,0,
2015,1260,9/3/2015,2,C,H,HC,E3,,PL,H6822,N,1,2,1,1,17,2,,,,,1,1,1,3,0,0,0,
2015,1260,9/3/2015,2,C,H,HC,G1,,PL,H6841,N,1,2,1,1,22,2,,,,,0,2,0,2,0,0,0,
2015,1260,9/3/2015,2,C,H,HC,G4,G6,PL,H6635,P,1,1,1,1,24,2,,,,,6,3,0,9,0,0,0,
2015,1260,9/3/2015,2,C,H,HC,G5,H6,PL,H6842,N,1,2,1,1,21,2,,,,,3,5,0,8,0,0,0,
2015,1260,9/3/2015,2,C,H,HC,G6,G8,PL,H6704,P,1,1,1,1,22,2,,,,,0,1,0,1,0,0,0,
2015,1260,9/3/2015,2,C,H,HC,G8,G9,PL,H5327,P,1,1,1,1,37,2,,,,,4,2,1,7,0,0,0,
2015,1260,9/3/2015,2,C,H,HC,G11,G11,PL,H6594,P,1,1,2,1,35,,1,2,1,1,4,0,0,4,0,0,0,
2015,1260,9/3/2015,2,C,H,HC,C1,,PL,H6572,P,1,1,2,1,31,,2,2,1,,3,1,0,4,0,0,0,
2015,1260,9/3/2015,2,C,H,HC,C5,C6,PL,H6735,P,1,1,1,1,31,2,,,,,5,2,3,10,0,0,0,1
2015,1260,9/3/2015,2,C,H,HC,C6,,PL,H6736,P,1,1,2,1,24,,2,1,,,0,0,3,3,0,0,0,
2015,1260,9/3/2015,2,C,H,HC,C8,D8,PL,H6728,P,1,1,2,1,21,,2,2,,,0,0,1,1,0,0,0,
2015,1260,9/3/2015,2,C,H,HC,C9,,PL,H6765,P,1,1,2,1,23,,2,1,,,0,1,0,1,0,0,0,
2015,1260,9/3/2015,2,C,H,HC,C10,,PL,H6411,P,1,1,1,1,33,2,,,,,11,5,3,19,0,0,0,
2015,1260,9/3/2015,2,C,H,HC,C11,C11,PL,H6419,P,1,1,2,1,34,,2,2,1,,3,0,0,3,0,0,0,
2015,1260,9/3/2015,2,C,H,HC,B11,,PL,H6808,P,1,1,1,1,25,2,,,,,1,4,1,6,0,0,0,
2015,1260,9/3/2015,2,C,H,HC,B10,A10,PL,H6639,P,1,1,2,1,26,,2,1,,,1,2,3,6,0,0,0,
2015,1260,9/3/2015,2,C,H,HC,,J2,PL,H6803,P,2,1,1,1,29,2,,,,,3,19,0,22,0,0,0,1
2015,1260,9/3/2015,2,C,H,HC,,F1,PL,H6805,P,1,1,1,1,28,2,,,,,5,2,0,7,0,0,0,
2015,1260,9/3/2015,2,C,H,HC,H1,,PL,H6525,RT,2,1,2,1,22,,1,2,1,,3,0,3,6,0,0,0,
2015,1260,9/3/2015,2,C,H,HC,H3,H2,PL,H6747,P,1,1,2,1,28,,2,2,1,1,0,0,0,0,0,0,0,
2015,1260,9/3/2015,2,C,H,HC,H4,,PL,H6813,P,1,1,1,1,23,2,,,,,1,4,5,10,0,0,0,
2015,1260,9/3/2015,2,C,H,HC,H6,G6,PL,H6706,P,1,1,2,1,29,,2,2,,,0,0,0,0,0,0,0,
2015,1260,9/3/2015,2,C,H,HC,H8,G8,PL,H6514,P,1,1,2,1,29,,2,2,1,1,0,0,1,1,0,0,0,
2015,1260,9/3/2015,2,C,H,HC,H9,H11,PL,H6524,N,1,2,1,1,20,2,,,,,6,3,0,9,0,0,0,
2015,1260,9/3/2015,2,C,H,HC,,H3,PL,H6695,P,1,1,1,1,33,2,,,,,7,3,1,11,0,0,0,
2015,1260,9/3/2015,2,C,H,HC,,B11,PL,E7625,P,1,1,1,1,19,2,,,,,8,7,0,15,0,0,0,
2015,1260,9/3/2015,2,C,H,HC,,B10,PL,H6536,P,1,1,1,1,29,2,,,,,2,2,0,4,0,0,0,1
2015,1260,9/3/2015,2,C,H,HC,,B5,PL,H6513,P,1,1,2,1,23,,2,2,,,3,0,0,3,0,0,0,
2015,1260,9/3/2015,2,C,H,HC,,B3,PL,H6720,P,1,1,2,1,29,,2,2,1,1,0,1,0,1,0,0,0,
2015,1260,9/3/2015,2,C,H,HC,K1,K1,PL,H6449,P,1,1,2,1,26,,1,2,1,,2,0,0,2,0,0,0,
2015,1260,9/3/2015,2,C,H,HC,K3,J3,PL,E7526,P/D,1,3,1,1,27,2,,,,,1,1,0,2,0,0,1,
2015,1260,9/3/2015,2,C,H,HC,K3,K4,PL,H6510,P,1,1,1,1,29,2,,,,,2,2,0,4,1,0,0,
2015,1260,9/3/2015,2,C,H,HC,K7,K7,PL,H6643,P,1,1,1,1,20,2,,,,,3,0,0,3,0,0,0,
2015,1260,9/3/2015,2,C,H,HC,F3,,PL,H6726,P,1,1,1,1,23,2,,,,,15,3,1,19,0,0,0,
2015,1260,9/3/2015,2,C,H,HC,F2,G2,PL,H6779,P,1,1,2,1,26,,2,2,,,1,0,0,1,0,0,0,
2015,1260,9/3/2015,2,C,H,HC,F1,F2,PL,H5394,P,1,1,1,1,31,2,,,,,6,0,2,8,0,0,0,
2015,1260,9/3/2015,2,C,H,HC,A1,,PL,H6701,P,1,1,1,1,20,2,,,,,0,0,0,0,0,0,0,
2015,1260,9/3/2015,2,C,H,HC,A5,,PL,H6615,P,1,1,1,1,29,2,,,,,1,0,1,2,0,0,0,
2015,1260,9/3/2015,2,C,H,HC,A8,,PL,H6742,RT,1,1,1,1,25,2,,,,,0,1,0,1,0,0,0,
2015,1260,9/3/2015,2,C,H,HC,A9,A9,PL,H6782,P,1,1,2,1,22,,2,1,,,1,0,1,2,0,0,0,
2015,1260,9/3/2015,2,C,H,HC,A9,B9,PL,H6714,P,1,1,2,1,21,,1,2,,,1,0,1,2,0,0,0,
2015,1260,9/3/2015,2,C,H,HC,,K2,PL,H6557,P,1,1,1,1,30,2,,,,,4,0,0,4,0,0,0,1
2015,1260,9/3/2015,2,C,H,HC,,K3,PL,H6826,N,1,2,2,1,22,,1,2,,,1,0,0,1,0,0,0,
2015,1260,9/3/2015,2,C,H,HC,,G3,PL,H6784,P,1,1,2,1,33,,1,2,,1,0,1,1,2,0,0,0,
2015,1260,9/3/2015,2,C,H,HC,,G1,PL,H6565,P,1,1,2,1,28,,1,2,,,2,0,0,2,0,0,0,
2015,1260,9/3/2015,2,C,H,HC,,C1,PL,H6716,P,1,1,2,1,33,,1,2,1,1,3,0,1,4,0,0,0,
2015,1260,9/3/2015,2,C,H,HC,,C4,PL,H6532,P,1,1,2,1,32,,1,2,1,1,3,1,1,5,0,0,0,
2015,1260,9/3/2015,2,C,H,HC,,C6,PL,H6437,P,1,1,2,1,24,,2,2,,,5,1,0,6,0,0,0,
2015,1260,9/3/2015,2,C,H,HC,I2,,PL,H6854,N,1,2,1,1,20,2,,,,,1,9,39,49,0,0,1,
2015,1260,9/3/2015,2,C,H,HC,I2,I2,PL,H6754,P,1,1,2,1,32,,2,1,,1,4,1,2,7,0,0,0,
2015,1260,9/3/2015,2,C,H,HC,I4,J4,PL,H6719,P,1,1,2,1,19,,2,2,,,1,0,0,1,0,0,0,
2015,1260,9/3/2015,2,C,H,HC,I7,I9,PL,H6405,P,1,1,2,1,31,,2,2,1,,0,2,0,2,0,0,0,1
2015,1260,9/3/2015,2,C,H,HC,I9,I7,PL,H6840,P,1,1,1,1,21,2,,,,,4,0,4,8,0,0,0,
2015,1260,9/3/2015,2,C,H,HC,I11,J11,PL,H6717,P,1,1,2,1,29,,2,,,,12,3,11,26,0,0,0,
2015,1260,9/3/2015,2,C,H,HC,D3,E2,PL,H6611,P,1,1,2,1,26,,1,1,,,4,0,2,6,0,0,0,1
2015,1260,9/3/2015,2,C,H,HC,D4,E5,PL,H6617,P,1,1,1,1,27,2,,,,,3,1,7,11,0,0,0,
2015,1260,9/3/2015,2,C,H,HC,D4,D5,PL,H6707,P,1,1,2,1,23,,1,1,,,1,1,7,9,0,0,0,
2015,1260,9/3/2015,2,C,H,HC,D8,C10,PL,H6777,P,1,1,1,,26,2,,,,,0,2,0,2,0,0,0,
2015,1260,9/3/2015,2,C,H,HC,D9,E10,PL,H6636,P,1,1,1,1,24,2,,,,,2,1,0,3,0,0,0,
2015,1260,9/3/2015,2,C,H,HC,B3,B3,PL,H6562,P,1,1,1,1,30,,,,,,4,4,0,8,0,0,0,1
2015,1260,9/3/2015,2,C,H,HC,B8,A7,PL,H6552,P,1,1,1,1,22,2,,,,,4,0,3,7,0,0,0,1
2015,1260,9/3/2015,2,C,H,HC,B9,B8,PL,H6774,P,1,1,1,1,25,,,,,,2,0,1,3,0,0,0,1
2015,1260,9/3/2015,2,C,H,HC,,I1,PL,H6857,N,1,2,2,3,11,,1,1,,,0,0,0,0,0,0,0,
2015,1260,9/3/2015,2,C,H,HC,,A3,PL,H6809,P,1,1,1,1,24,,,,,,1,1,1,3,0,0,0,1
2015,1260,9/3/2015,2,C,H,HC,,A5,PL,H6538,P,1,1,2,1,33,,1,2,1,1,3,0,0,3,0,0,0,
2015,1260,9/3/2015,2,C,H,HC,,A7,PL,H6766,P,1,1,2,1,20,,2,1,,,0,0,0,0,0,0,0,
2015,1255,7/28/2015,0,C,H,HC,40,,PL,H6449,P,1,1,2,1,23,,2,2,1,,2,1,0,3,1,0,0,
2015,1255,7/28/2015,0,C,H,HC,40,,PL,H6557,P,1,1,1,1,29,2,,,,,3,3,0,6,0,0,0,
2015,1255,7/28/2015,0,C,H,HC,40,,PL,H6719,P,1,1,2,2,15,,1,1,,,1,2,1,4,0,0,0,
2015,1255,7/28/2015,0,C,H,HC,40,,PL,H6781,N,1,2,2,2,14,,1,1,,,1,2,0,3,0,0,0,
2015,1255,7/28/2015,0,C,H,HC,29,,PL,H6523,P,1,1,1,3,13,1,,,,,0,1,0,1,0,0,0,
2015,1255,7/28/2015,0,C,H,HC,35,,PL,H6551,P,1,1,1,1,24,2,,,,,4,5,1,10,1,0,0,
2015,1255,7/28/2015,0,C,H,HC,35,,PL,H6717,P,1,1,2,1,22,,2,1,,,6,2,0,8,0,0,0,
2015,1255,7/29/2015,0,C,H,HC,4,,PL,H6782,N,1,2,2,1,21,,1,1,,,1,1,0,2,0,0,0,
2015,1255,7/29/2015,0,C,H,HC,4,,PL,H6774,P,1,1,1,1,22,2,,,,,1,0,1,2,0,0,1,
2015,1255,7/29/2015,0,C,H,HC,4,,PL,H6714,P,1,1,2,2,16,,1,1,,,2,3,0,5,0,0,0,
2015,1255,7/29/2015,0,C,H,HC,7,,PL,H6783,N,1,2,1,2,19,2,,,,,1,0,0,1,0,0,0,
2015,1255,7/29/2015,0,C,H,HC,11,,PL,H6765,P,1,1,2,1,18,,2,1,,,0,0,0,0,0,0,0,
2015,1259,8/25/2015,0,C,H,HC,13,,PL,H6735,P,1,1,1,1,30,2,,,,,16,3,2,21,0,0,0,1
2015,1259,8/25/2015,0,C,H,HC,11,,PL,H6777,P,1,1,1,1,28,2,,,,,2,0,0,2,0,0,0,
2015,1259,8/25/2015,0,C,H,HC,6,,PL,H6766,P,1,1,2,1,21,,2,2,,,2,1,0,3,0,0,0,
2015,1259,8/25/2015,0,C,H,HC,6,,PL,H6552,P,1,1,1,1,25,2,,,,,12,6,16,34,0,0,0,
2015,1257,8/13/2015,1,X,H,HX,E4,F6,PL,E7419,P,1,1,1,1,27,2,,,,,6,2,2,10,0,0,0,
2015,1257,8/13/2015,1,X,H,HX,E5,F3,PL,E7709,N,1,2,1,3,17,1,,,,,0,1,0,1,0,0,0,
2015,1257,8/13/2015,1,X,H,HX,E10,F10,PL,E7727,P,1,1,2,1,28,,,,,,1,3,0,4,0,0,0,1
2015,1257,8/13/2015,1,X,H,HX,K7,K7,PL,E7531,P,1,1,2,1,24,,2,1,,,5,9,0,14,1,0,0,
2015,1257,8/13/2015,1,X,H,HX,K8,J9,PL,E7728,P,1,1,1,1,25,2,,,,,7,3,3,13,0,0,0,
2015,1257,8/13/2015,1,X,H,HX,,K10,PL,E7485,P,1,1,1,1,20,2,,,,,6,4,0,10,0,0,0,
2015,1257,8/13/2015,1,X,H,HX,F1,H1,PL,E7370,P,1,1,1,1,34,2,,,,,14,19,1,34,0,0,0,
2015,1257,8/13/2015,1,X,H,HX,F2,D3,PL,E7464,P,1,1,1,1,32,2,,,,,15,14,10,39,0,0,0,
2015,1257,8/13/2015,1,X,H,HX,F2,F2,PL,E7701,P,1,1,2,1,22,,2,2,,,3,1,0,4,0,0,0,
2015,1257,8/13/2015,1,X,H,HX,,L3,PL,E7798,N,1,2,1,1,24,2,,,,,2,9,1,12,0,0,0,
2015,1257,8/13/2015,1,X,H,HX,D4,D4,PL,E7652,P,1,1,2,1,20,,2,1,,,6,5,1,12,0,0,0,
2015,1257,8/13/2015,1,X,H,HX,D7,E6,PL,E7418,P,1,1,2,1,32,,1,2,1,,10,6,4,20,0,0,0,
2015,1257,8/13/2015,1,X,H,HX,D9,D7,PL,E7685,P,1,1,1,2,18,2,,,,,2,0,0,2,0,0,0,
2015,1257,8/13/2015,1,X,H,HX,J1,,PL,E7545,P,1,1,1,1,26,2,,,,,2,1,4,7,0,0,0,
2015,1257,8/13/2015,1,X,H,HX,J2,J3,PL,E7706,P,1,1,2,1,18,,2,1,,,8,1,2,11,0,0,0,
2015,1257,8/13/2015,1,X,H,HX,J5,I4,PL,E7653,P,1,1,1,1,20,2,,,,,8,3,3,14,1,0,0,
2015,1257,8/13/2015,1,X,H,HX,J6,I6,PL,E7617,RT,2,1,1,1,23,2,,,,,4,3,2,9,0,0,0,
2015,1257,8/13/2015,1,X,H,HX,J8,,PL,E7729,P,1,1,2,1,19,,2,1,,,5,3,1,9,0,0,0,
2015,1257,8/13/2015,1,X,H,HX,G10,H10,PL,E7556,P,1,1,2,1,30,,1,2,1,,9,4,1,14,0,0,0,
2015,1257,8/13/2015,1,X,H,HX,G9,F10,PL,E7610,P,2,1,1,1,27,2,,,,,9,11,6,26,0,0,0,
2015,1257,8/13/2015,1,X,H,HX,G5,,PL,E7634,P,1,1,1,1,19,2,,,,,12,9,7,28,0,0,0,
2015,1257,8/13/2015,1,X,H,HX,,J5,PL,E7619,N,1,2,2,2,15,,1,1,,,5,5,0,10,0,1,0,
2015,1257,8/13/2015,1,X,H,HX,,L10,PL,E7800,P,1,1,1,1,26,2,,,,,7,6,1,14,0,0,0,
2015,1257,8/13/2015,1,X,H,HX,,L10,PL,E7620,RT,2,1,1,2,14,2,,,,,1,3,2,6,0,0,0,
2015,1257,8/13/2015,1,X,H,HX,,L8,PL,E7621,N,1,2,2,2,13,,2,1,,,1,3,0,4,0,0,0,
2015,1257,8/13/2015,1,X,H,HX,,L7,PL,E7622,N,1,2,1,2,17,2,,,,,2,5,2,9,0,0,0,
2015,1257,8/13/2015,1,X,H,HX,,L6,PL,E7623,RT,2,1,1,1,22,2,,,,,4,2,5,11,0,0,0,
2015,1257,8/13/2015,1,X,H,HX,C1,A2,PL,E7637,P,1,1,1,1,24,2,,,,,7,3,5,15,0,0,0,
2015,1257,8/13/2015,1,X,H,HX,C2,C2,PL,E7502,P,1,1,2,1,38,,1,2,1,1,1,0,1,2,0,0,0,
2015,1257,8/13/2015,1,X,H,HX,C5,C5,PL,E7678,P,1,1,2,1,24,,2,2,,1,1,1,0,2,0,0,0,
2015,1257,8/13/2015,1,X,H,HX,I2,,PL,E7491,P,1,1,1,1,19,2,,,,,3,5,0,8,0,0,0,
2015,1257,8/13/2015,1,X,H,HX,I5,J6,PL,E7561,RT,2,1,2,1,20,,2,1,,,1,3,0,4,0,0,0,
2015,1257,8/13/2015,1,X,H,HX,I9,I7,PL,E7643,P,1,1,1,1,21,2,,,,,11,6,5,22,0,0,0,
2015,1257,8/13/2015,1,X,H,HX,I8,I9,PL,E7733,P,1,1,2,1,21,,1,2,,1,5,0,3,8,0,0,0,
2015,1257,8/13/2015,1,X,H,HX,G1,G2,PL,E7705,P,1,1,1,1,21,2,,,,,13,12,0,25,0,0,0,
2015,1257,8/13/2015,1,X,H,HX,G2,,PL,E7562,N,1,2,2,1,23,,1,2,,1,1,4,0,5,0,0,0,
2015,1257,8/13/2015,1,X,H,HX,G4,F4,PL,E7601,P,1,1,2,1,25,,2,1,,1,1,1,0,2,0,0,0,
2015,1257,8/13/2015,1,X,H,HX,,I10,PL,E7667,P,1,1,2,1,24,,1,2,,,10,4,0,14,0,0,0,
2015,1257,8/13/2015,1,X,H,HX,B3,B5,PL,E7679,P,1,1,1,1,20,2,,,,,12,6,3,21,0,0,1,
2015,1257,8/13/2015,1,X,H,HX,B3,B3,PL,E7677,P,1,1,1,1,23,2,,,,,8,6,2,16,0,0,1,
2015,1257,8/13/2015,1,X,H,HX,B4,A4,PL,E7687,N,1,2,2,1,23,,2,2,1,1,2,2,0,4,0,0,0,
2015,1257,8/13/2015,1,X,H,HX,B7,C7,PL,E7708,P,1,1,2,1,21,,2,2,,,0,1,0,1,0,0,0,
2015,1257,8/13/2015,1,X,H,HX,B9,C10,PL,E7686,P,1,1,2,1,18,,2,1,1,,0,0,0,0,0,0,0,
2015,1257,8/13/2015,1,X,H,HX,B9,D9,PL,E7688,N,1,2,1,1,20,2,,,,,3,3,0,6,0,0,0,
2015,1257,8/13/2015,1,X,H,HX,H1,I2,PL,E7510,P,1,1,2,1,25,,2,2,1,1,8,7,0,15,0,0,0,
2015,1257,8/13/2015,1,X,H,HX,L3,L3,PL,E7538,P,1,1,2,1,19,,2,1,,,2,0,0,2,0,0,0,
2015,1257,8/13/2015,1,X,H,HX,L4,L2,PL,E7486,P,1,1,2,1,23,,2,2,1,,3,1,0,4,0,0,0,
2015,1257,8/13/2015,1,X,H,HX,L7,,PL,E7689,N,1,2,1,1,19,2,,,,,3,1,0,4,0,0,0,
2015,1257,8/13/2015,1,X,H,HX,L8,L8,PL,E7641,P,1,1,2,1,22,,2,2,1,1,0,0,1,1,0,0,0,
2015,1257,8/13/2015,1,X,H,HX,L8,,PL,E7509,P,1,1,1,1,24,2,,,,,8,4,0,12,0,1,0,
2015,1257,8/13/2015,1,X,H,HX,L9,,PL,E7691,N,1,2,2,1,24,,2,2,1,1,1,1,1,3,0,0,0,
2015,1257,8/13/2015,1,X,H,HX,L9,,PL,E7535,P,1,1,1,1,25,2,,,,,10,5,1,16,0,0,1,
2015,1257,8/13/2015,1,X,H,HX,L10,,PL,E7731,P,1,1,2,1,22,,2,2,1,,1,0,0,1,0,0,0,
2015,1257,8/13/2015,1,X,H,HX,F3,F3,PL,E7692,N,1,2,1,2,17,2,,,,,2,1,0,3,1,0,0,
2015,1257,8/13/2015,1,X,H,HX,,H7,PL,E7492,P,1,1,1,3,15,2,,,,,10,6,0,16,0,0,0,
2015,1257,8/13/2015,1,X,H,HX,,K10,PL,E7597,P,1,1,1,1,,2,,,,,7,3,3,13,0,0,0,
2015,1257,8/13/2015,1,X,H,HX,A1,C1,PL,E7734,RT,2,1,2,1,29,,1,2,,,0,1,0,1,0,0,0,
2015,1257,8/13/2015,1,X,H,HX,A2,A3,PL,E7681,P,1,1,2,2,19,,2,2,,,1,3,1,5,0,0,0,
2015,1257,8/13/2015,1,X,H,HX,A2,A4,PL,E7650,P,1,1,1,1,30,2,,,,,2,0,0,2,0,0,0,
2015,1257,8/13/2015,1,X,H,HX,A6,,PL,E7631,P,1,1,2,2,17,,1,1,,,1,4,0,5,0,0,0,
2015,1257,8/13/2015,1,X,H,HX,A6,,PL,E7735,N,1,2,1,1,19,1,,,,,11,13,3,27,0,0,0,
2015,1257,8/13/2015,1,X,H,HX,A7,B8,PL,E7657,P,1,1,1,1,24,2,,,,,9,3,3,15,0,0,0,
2015,1257,8/13/2015,1,X,H,HX,A9,A10,PL,E7447,P,1,1,1,1,29,2,,,,,10,7,0,17,0,0,0,
2015,1257,8/13/2015,1,X,H,HX,A10,,PL,E7736,N,1,2,1,1,22,1,,,,,1,2,1,4,0,0,0,
2015,1257,8/13/2015,1,X,H,HX,A10,A9,PL,E7737,N,1,2,2,1,25,,1,2,1,,1,1,0,2,0,0,0,
2015,1257,8/13/2015,1,X,H,HX,F10,E10,PL,E7732,P,1,1,1,1,24,2,,,,,1,2,0,3,0,0,0,
2015,1257,8/13/2015,1,X,H,HX,F10,F8,PL,E7559,P,2,1,2,1,27,,1,2,,,1,0,0,1,0,0,0,
2015,1257,8/13/2015,1,X,H,HX,F9,D8,PL,E7329,P,1,1,1,1,27,2,,,,,5,6,2,13,0,0,0,
2015,1257,8/13/2015,1,X,H,HX,F8,F7,PL,E7738,N,1,2,2,1,19,,2,2,,,2,1,0,3,0,0,0,
2015,1257,8/13/2015,1,X,H,HX,F8,E5,PL,E7501,P,1,1,1,1,27,2,,,,,4,3,0,7,0,0,0,
2015,1257,8/13/2015,1,X,H,HX,F6,G6,PL,E7633,P,1,1,2,1,20,,1,1,,,1,1,0,2,0,0,0,
2015,1257,8/13/2015,1,X,H,HX,,A7,PL,E7739,N,1,2,1,1,,2,,,,,5,2,2,9,0,0,0,
2015,1257,8/13/2015,1,X,H,HX,,A8,PL,E7740,N,1,2,1,3,12,,,,,,2,4,0,6,0,0,0,
2015,1257,8/13/2015,1,X,H,HX,,G10,PL,E7741,N,1,2,1,1,23,2,,,,,1,1,4,6,0,0,0,
2015,1260,9/1/2015,2,X,H,HX,B3,B2,PL,E7681,P,1,1,2,1,28,,2,2,1,,2,1,0,3,0,0,0,1
2015,1260,9/1/2015,2,X,H,HX,B3,D3,PL,E7502,P,1,1,2,1,28,,2,1,,,0,0,0,0,0,0,0,
2015,1260,9/1/2015,2,X,H,HX,B5,,PL,E7650,P,1,1,1,1,28,2,,,,,0,0,0,0,0,0,0,
2015,1260,9/1/2015,2,X,H,HX,B7,C7,PL,E7630,N,1,2,1,1,21,2,,,,,1,3,0,4,0,0,0,
2015,1260,9/1/2015,2,X,H,HX,B10,D9,PL,E7629,N,1,2,1,1,21,2,,,,,0,3,0,3,0,0,0,
2015,1260,9/1/2015,2,X,H,HX,G1,F1,PL,E7705,P,1,1,1,1,22,2,,,,,15,1,1,17,0,0,2,
2015,1260,9/1/2015,2,X,H,HX,G3,G4,PL,E7601,P,1,1,2,1,26,,1,2,1,,1,2,0,3,0,0,0,
2015,1260,9/1/2015,2,X,H,HX,G5,G5,PL,E7419,P,1,1,1,1,26,2,,,,,1,1,0,2,0,0,0,
2015,1260,9/1/2015,2,X,H,HX,G5,G6,PL,E7633,P,1,1,2,1,24,,1,2,,,1,0,0,1,0,0,0,
2015,1260,9/1/2015,2,X,H,HX,G9,H9,PL,E7610,P,2,1,1,1,28,2,,,,,5,5,1,11,0,0,0,
2015,1260,9/1/2015,2,X,H,HX,K8,L9,PL,E7622,P,1,1,1,1,20,,,,,,1,4,0,5,0,0,0,1
2015,1260,9/1/2015,2,X,H,HX,K7,J7,PL,E7531,P,1,1,2,1,35,,2,2,,1,0,1,1,2,0,0,0,
2015,1260,9/1/2015,2,X,H,HX,K6,,PL,E7628,N,1,2,2,1,25,,2,2,,,0,1,1,2,0,0,0,
2015,1260,9/1/2015,2,X,H,HX,K1,,PL,E7654,P,1,1,1,1,22,2,,,,,1,5,0,6,0,0,0,
2015,1260,9/1/2015,2,X,H,HX,,I2,PL,E7545,P,1,1,1,1,27,2,,,,,3,2,2,7,0,0,0,
2015,1260,9/1/2015,2,X,H,HX,,I10,PL,E7797,N,1,2,1,1,20,2,,,,,3,3,1,7,0,0,0,
2015,1260,9/1/2015,2,X,H,HX,,E10,PL,E7796,N,1,2,1,1,22,2,,,,,3,2,1,6,0,0,0,
2015,1260,9/1/2015,2,X,H,HX,,E7,PL,E7501,P,1,1,1,1,26,2,,,,,0,0,0,0,0,0,0,
2015,1260,9/1/2015,2,X,H,HX,,C6,PL,E7795,N,1,2,2,3,11,,1,1,,,0,0,1,1,0,0,0,
2015,1260,9/1/2015,2,X,H,HX,,B6,PL,E7794,N,1,2,1,3,12,1,,,,,2,0,1,3,0,0,0,
2015,1260,9/1/2015,2,X,H,HX,D1,D1 ,PL,E7701,P,1,1,2,1,26,,2,2,1,,3,2,0,5,0,1,0,
2015,1260,9/1/2015,2,X,H,HX,D2,,PL,E7464,P,1,1,1,1,28,2,,,,,7,5,2,14,0,0,0,1
2015,1260,9/1/2015,2,X,H,HX,D4,,PL,E7663,N,1,2,1,1,19,2,,,,,1,1,0,2,0,0,0,1
2015,1260,9/1/2015,2,X,H,HX,D4,,PL,E7652,P,1,1,2,1,21,,2,2,,,4,3,1,8,0,0,0,
2015,1260,9/1/2015,2,X,H,HX,D9,,PL,E7329,P,1,1,1,1,,2,,,,,3,1,1,5,0,0,0,1
2015,1260,9/1/2015,2,X,H,HX,I9,H9,PL,E7675,N,1,2,1,1,20,2,,,,,3,4,3,10,0,0,0,
2015,1260,9/1/2015,2,X,H,HX,I9,I7,PL,E7643,P,1,1,1,1,22,2,,,,,6,6,1,13,0,0,0,
2015,1260,9/1/2015,2,X,H,HX,I8,,PL,E7729,P,1,1,2,1,23,,1,2,,,1,1,0,2,0,0,0,
2015,1260,9/1/2015,2,X,H,HX,I5,I5,PL,E7674,RT,2,1,2,1,24,,2,2,,,2,2,2,6,0,0,0,
2015,1260,9/1/2015,2,X,H,HX,J1,K2,PL,E7538,P,1,1,2,1,24,,2,2,,,3,4,0,7,0,0,0,
2015,1260,9/1/2015,2,X,H,HX,J2,,PL,E7706,P,1,1,2,1,22,,1,2,,,5,0,0,5,0,0,0,
2015,1260,9/1/2015,2,X,H,HX,J3,K4,PL,E7486,P,1,1,2,1,38,,2,2,1,1,5,3,0,8,0,0,0,
2015,1260,9/1/2015,2,X,H,HX,J9,K8,PL,E7673,RT,2,1,1,1,25,2,,,,,1,0,0,1,0,0,0,
2015,1260,9/1/2015,2,X,H,HX,,L7,PL,E7509,P,1,1,1,1,24,2,,,,,9,2,2,13,0,0,0,
2015,1260,9/1/2015,2,X,H,HX,,L8,PL,E7641,P,1,1,2,1,24,,1,2,1,1,0,0,2,2,0,0,0,
2015,1260,9/1/2015,2,X,H,HX,,A2,PL,E7656,P,1,1,2,1,24,,2,2,1,,0,0,0,0,0,0,0,
2015,1260,9/1/2015,2,X,H,HX,,A4,PL,E7687,P,1,1,2,1,26,,1,2,1,1,0,1,1,2,0,0,0,
2015,1260,9/1/2015,2,X,H,HX,,A6,PL,E7631,P,1,1,2,1,23,,2,1,1,1,3,1,0,4,0,0,0,
2015,1260,9/1/2015,2,X,H,HX,,A10,PL,E7672,N,1,2,1,1,22,2,,,,,2,2,0,4,0,0,0,
2015,1260,9/1/2015,2,X,H,HX,C5,C5,PL,E7678,P,1,1,2,1,34,,2,1,,,4,6,0,10,0,0,0,2
2015,1260,9/1/2015,2,X,H,HX,C5,D4,PL,E7679,P,1,1,1,1,27,2,,,,,4,3,0,7,0,0,0,
2015,1260,9/1/2015,2,X,H,HX,C6,D6,PL,E7418,P,1,1,2,1,43,,2,2,1,1,1,0,0,1,0,0,0,
2015,1260,9/1/2015,2,X,H,HX,C6,B7,PL,E7447,P/D,1,3,1,1,33,2,,,,,5,2,1,8,0,0,0,
2015,1260,9/1/2015,2,X,H,HX,C7,B8,PL,E7708,P,1,1,2,1,25,,2,1,,,1,0,0,1,0,0,0,1
2015,1260,9/1/2015,2,X,H,HX,C9,B9,PL,E7686,P,1,1,2,1,27,,2,1,,,0,1,0,1,0,0,0,
2015,1260,9/1/2015,2,X,H,HX,H4,I4,PL,E7653,P,1,1,1,1,26,2,,,,,2,3,2,7,0,0,0,
2015,1260,9/1/2015,2,X,H,HX,H5,I4,PL,E7619,P,1,1,2,1,25,,1,1,,,0,0,0,0,0,0,0,
2015,1260,9/1/2015,2,X,H,HX,H6,,PL,E7492,P,1,1,1,1,20,1,,,,,4,2,0,6,0,0,0,
2015,1260,9/1/2015,2,X,H,HX,H7,J6,PL,E7617,P,2,1,1,1,29,2,,,,,1,1,1,3,0,0,0,
2015,1260,9/1/2015,2,X,H,HX,H7,I8,PL,E7733,P,1,1,2,1,36,,2,2,1,1,2,2,1,5,0,0,0,
2015,1260,9/1/2015,2,X,H,HX,H10,I9,PL,E7556,P,1,1,2,1,33,,1,2,1,,1,2,0,3,0,0,0,1
2015,1260,9/1/2015,2,X,H,HX,L10,K10,PL,E7731,P,1,1,2,1,29,,1,2,1,,4,1,1,6,0,0,0,
2015,1260,9/1/2015,2,X,H,HX,L10,,PL,E7597,P,1,1,1,1,27,2,,,,,3,0,1,4,0,0,0,
2015,1260,9/1/2015,2,X,H,HX,L9,L8,PL,E7621,P,1,1,2,1,19,,2,2,,,2,2,0,4,0,0,0,
2015,1260,9/1/2015,2,X,H,HX,L8,L9,PL,E7689,P,1,1,1,1,24,2,,,,,2,1,0,3,0,0,0,
2015,1260,9/1/2015,2,X,H,HX,,J1,PL,E7420,P,1,1,1,1,36,2,,,,,3,2,0,5,0,0,0,
2015,1260,9/1/2015,2,X,H,HX,,F2,PL,E7664,P,1,1,2,1,30,,2,2,1,,2,1,0,3,0,0,0,
2015,1260,9/1/2015,2,X,H,HX,A1,,PL,E7734,P,2,1,2,1,33,,2,2,1,,0,4,1,5,0,0,0,
2015,1260,9/1/2015,2,X,H,HX,A2,A2,PL,E7637,P,1,1,1,1,24,2,,,,,2,4,0,6,0,0,1,
2015,1260,9/1/2015,2,X,H,HX,A2,D2,PL,E7677,P,1,1,1,1,25,2,,,,,1,2,1,4,0,0,0,
2015,1260,9/1/2015,2,X,H,HX,A8,A8,PL,E7710,P,1,1,1,1,19,2,,,,,3,1,0,4,0,0,0,
2015,1260,9/1/2015,2,X,H,HX,A9,,PL,E7563,N,1,2,2,1,24,,2,2,,,0,0,2,2,0,0,0,
2015,1260,9/1/2015,2,X,H,HX,A10,,PL,E7564,N,1,2,2,1,28,,1,2,1,,3,0,0,3,0,0,0,
2015,1260,9/1/2015,2,X,H,HX,A10,B10,PL,E7566,RT,1,1,1,1,34,2,,,,,1,1,0,2,0,0,0,
2015,1260,9/1/2015,2,X,H,HX,F10,F10,PL,E7727,P,1,1,2,1,30,,1,2,1,,0,1,0,1,0,0,0,
2015,1260,9/1/2015,2,X,H,HX,F10,E10,PL,E7732,P,1,1,1,1,23,2,,,,,3,1,0,4,0,0,0,
2015,1260,9/1/2015,2,X,H,HX,F7,E6,PL,E7738,P,1,1,2,1,25,,1,2,,,2,0,1,3,0,0,0,
2015,1260,9/1/2015,2,X,H,HX,F3,,PL,E7709,P,1,1,1,1,21,2,,,,,0,0,0,0,0,0,0,
2015,1260,9/1/2015,2,X,H,HX,F2,G2,PL,E7692,P,1,1,1,1,18,1,,,,,3,2,2,7,0,0,0,
2015,1260,9/1/2015,2,X,H,HX,F1,,PL,E7562,P,1,1,2,1,23,,1,2,,,1,0,0,1,0,0,0,
2015,1260,9/1/2015,2,X,H,HX,L3,K5,PL,E7623,P,2,1,1,1,23,2,,,,,3,2,0,5,0,0,0,
2015,1260,9/1/2015,2,X,H,HX,L4,K3,PL,E7491,P,1,1,1,1,26,2,,,,,3,4,1,8,0,0,0,
2015,1260,9/1/2015,2,X,H,HX,L5,,PL,E7799,P,1,1,2,1,25,,1,2,,,2,0,1,3,0,0,0,
2015,1260,9/1/2015,2,X,H,HX,E9,D8,PL,E7685,P,1,1,1,1,19,1,,,,,4,0,1,5,0,0,0,
2015,1260,9/1/2015,2,X,H,HX,E10,,PL,E7625,N,1,2,1,1,19,2,,,,,1,2,2,5,0,0,0,
2015,1260,9/1/2015,2,X,H,HX,,G9,PL,E7624,N,1,2,2,3,11,,1,1,,,3,8,0,11,0,0,0,1
2015,1260,9/1/2015,2,X,H,HX,,D7,PL,E7495,N,1,2,2,3,11,,1,1,,,2,1,0,3,0,0,0,
2015,1255,7/28/2015,0,X,H,HX,31,,PL,E7491,N,1,2,1,2,20,2,,,,,0,2,0,2,0,0,0,
2015,1255,7/28/2015,0,X,H,HX,21,,PL,E7633,P,1,1,2,2,18,,1,1,,,0,0,0,0,0,0,0,
2015,1255,7/28/2015,0,X,H,HX,21,,PL,E7634,P,1,1,1,2,16,2,,,,,0,0,0,0,0,0,0,
2015,1255,7/28/2015,0,X,H,HX,20,,PL,E7492,N,1,2,1,3,11,1,,,,,1,1,0,2,0,0,0,
2015,1255,7/28/2015,0,X,H,HX,20,,PL,E7493,N,1,2,1,3,11,1,,,,,1,0,0,1,0,0,0,
2015,1255,7/28/2015,0,X,H,HX,20,,PL,E7494,N,1,2,1,3,11,1,,,,,0,3,0,3,0,0,0,
2015,1255,7/28/2015,0,X,H,HX,9,,PL,E7684,P,1,1,1,2,16,2,,,,,6,2,0,8,0,0,0,
2015,1255,7/28/2015,0,X,H,HX,10,,PL,E7559,P,2,1,2,1,26,,2,2,,,0,0,0,0,0,0,0,
2015,1255,7/28/2015,0,X,H,HX,10,,PL,E7686,P,1,1,2,2,15,,1,2,,,0,0,0,0,0,0,0,
2015,1255,7/28/2015,0,X,H,HX,6,,PL,E7677,P,1,1,1,1,21,2,,,,,0,0,0,0,1,0,0,
2015,1259,8/27/2015,0,X,H,HX,3,,PL,E7710,N,1,2,1,1,21,2,,,,,2,5,4,11,0,0,0,
2015,1259,8/27/2015,0,X,H,HX,13,,PL,E7464,P,1,1,1,1,30,2,,,,,2,3,3,8,0,0,0,
2015,1259,8/27/2015,0,X,H,HX,36,,PL,E7620,P,2,1,1,1,19,2,,,,,0,4,0,4,0,0,0,
2015,1259,8/27/2015,0,X,H,HX,36,,PL,E7489,P,1,1,2,1,21,,1,1,,,2,0,1,3,0,0,0,1
2015,1259,8/27/2015,0,X,H,HX,37,,PL,E7621,P,1,1,2,1,17,,2,2,,,2,2,0,4,0,0,0,
2015,1259,8/27/2015,0,X,H,HX,37,,PL,E7689,P,1,1,1,1,23,2,,,,,2,1,1,4,0,0,0,
2015,1259,8/27/2015,0,X,H,HX,31,,PL,E7538,P,1,1,2,1,21,,2,2,,,1,0,0,1,0,0,0,
2015,1259,8/27/2015,0,X,H,HX,31,,PL,E7491,P,1,1,1,1,25,2,,,,,5,3,2,10,0,0,0,
2015,1256,8/4/2015,1,C,T,TC,H4,G3,PL,H6040,P,1,1,1,1,22,2,,,,,8,3,4,15,0,0,0,
2015,1256,8/4/2015,1,C,T,TC,H11,H11,PL,H5948,P,2,1,2,1,28,,1,2,1,,9,9,3,21,0,0,6,
2015,1256,8/4/2015,1,C,T,TC,B11,B11,PL,H6063,P,1,1,1,1,21,2,,,,,14,10,9,33,0,0,1,
2015,1256,8/4/2015,1,C,T,TC,B11,,PL,H6114,N,1,2,2,2,13,,1,1,,,1,3,4,8,0,0,0,
2015,1256,8/4/2015,1,C,T,TC,B10,A10,PL,H5978,P,2,1,2,1,23,,2,2,,,4,8,7,19,0,0,1,
2015,1256,8/4/2015,1,C,T,TC,B9,A10,PL,H5980,P,1,1,1,1,28,2,,,,,11,7,14,32,0,0,0,
2015,1256,8/4/2015,1,C,T,TC,B7,D6,PL,H6073,P,1,1,2,1,14,,1,1,,,6,2,2,10,0,0,0,
2015,1256,8/4/2015,1,C,T,TC,B6,,PL,H6115,N,1,2,2,3,12,,1,1,,,5,2,1,8,0,0,0,
2015,1256,8/4/2015,1,C,T,TC,B3,B3,PL,H6097,P,1,1,1,1,20,2,,,,,4,3,3,10,0,0,1,
2015,1256,8/4/2015,1,C,T,TC,,B5,PL,H6118,N,1,2,1,1,17,1,,,,,1,3,6,10,0,0,0,
2015,1256,8/4/2015,1,C,T,TC,I4,H5,PL,H6151,N,1,2,1,1,13,2,,,,,3,6,1,10,0,0,0,
2015,1256,8/4/2015,1,C,T,TC,I6,J6,PL,H6152,RT,2,1,1,1,19,2,,,,,3,1,0,4,0,0,0,
2015,1256,8/4/2015,1,C,T,TC,I8,I5,PL,H5773,P,1,1,2,1,23,,1,2,1,1,12,4,3,19,0,0,0,
2015,1256,8/4/2015,1,C,T,TC,I9,J8,PL,H6037,P,1,1,2,2,18,,2,1,,,2,0,2,4,0,0,0,
2015,1256,8/4/2015,1,C,T,TC,C1,B1,PL,H6153,RT,1,1,1,1,20,2,,,,,3,1,6,10,0,0,0,
2015,1256,8/4/2015,1,C,T,TC,C3,D3,PL,H6013,P,1,1,2,1,17,,1,2,,,10,2,1,13,0,0,0,
2015,1256,8/4/2015,1,C,T,TC,C4,E2,PL,H6035,P,2,1,1,1,19,2,,,,,5,4,0,9,0,0,0,
2015,1256,8/4/2015,1,C,T,TC,G1,G1,PL,H6126,P,1,1,1,1,20,2,,,,,2,1,0,3,0,0,0,
2015,1256,8/4/2015,1,C,T,TC,G2,G2,PL,H5436,P,1,1,2,1,28,,1,2,1,,7,5,1,13,0,0,0,
2015,1256,8/4/2015,1,C,T,TC,G11,F11,PL,H6044,P,1,1,2,1,35,,1,2,,1,2,1,3,6,0,0,0,
2015,1256,8/4/2015,1,C,T,TC,H8,,PL,H6009,P,1,1,1,1,16,1,,,,,2,1,1,4,0,0,0,
2015,1256,8/4/2015,1,C,T,TC,H8,,PL,H5901,P,1,1,2,1,23,,1,2,,,0,0,1,1,0,0,0,
2015,1256,8/4/2015,1,C,T,TC,H11,H11,PL,H6078,P,2,1,1,1,26,2,,,,,3,11,5,19,0,0,0,
2015,1256,8/4/2015,1,C,T,TC,A9,B6,PL,H5919,P,1,1,1,1,16,2,,,,,11,7,6,24,0,0,0,
2015,1256,8/4/2015,1,C,T,TC,A8,B8,PL,H6058,P,1,1,2,1,21,,1,2,,,1,3,0,4,0,0,0,
2015,1256,8/4/2015,1,C,T,TC,A7,A7,PL,H6071,P,1,1,2,3,13,,1,1,,,1,0,0,1,0,0,0,
2015,1256,8/4/2015,1,C,T,TC,A6,A6,PL,H6026,P,1,1,2,1,18,,1,1,,,1,0,0,1,0,0,0,
2015,1256,8/4/2015,1,C,T,TC,A5,A5,PL,H5920,P,1,1,1,1,22,2,,,,,3,0,0,3,0,0,0,
2015,1256,8/4/2015,1,C,T,TC,A3,A3,PL,H5787,P,2,1,1,1,31,2,,,,,3,4,4,11,0,0,0,
2015,1256,8/4/2015,1,C,T,TC,A2,A2,PL,H5915,N,1,2,1,2,19,2,,,,,1,0,2,3,0,0,0,
2015,1256,8/4/2015,1,C,T,TC,,G1,PL,H5916,N,1,2,1,1,24,2, , ,,,10,10,5,25,0,0,0,
2015,1256,8/4/2015,1,C,T,TC,,G5,PL,H5918,N,1,2,1,2,15,2,,,,,0,1,1,2,0,0,0,
2015,1256,8/4/2015,1,C,T,TC,,A11,PL,H6116,N,1,2,2,1,19,,1,2,1,,11,7,0,18,0,0,0,
2015,1256,8/4/2015,1,C,T,TC,,A6,PL,H5921,P,2,1,1,1,28,2,,,,,7,4,4,15,0,0,0,
2015,1256,8/4/2015,1,C,T,TC,,A2,PL,H6117,N,1,2,2,2,16,,1,1,,,2,0,0,2,0,0,0,
2015,1256,8/4/2015,1,C,T,TC,F1,,PL,H6074,N,2,2,2,1,16,,2,1,,,1,0,1,2,0,0,0,
2015,1256,8/4/2015,1,C,T,TC,F1,F1,PL,H5875,P,1,1,1,1,21,2,,,,,3,2,2,7,0,0,0,
2015,1256,8/4/2015,1,C,T,TC,F3,H3,PL,H6005,P,1,1,1,1,15,2,,,,,4,1,0,5,0,0,0,
2015,1256,8/4/2015,1,C,T,TC,F4,,PL,H6075,N,1,2,1,2,14,2,,,,,1,2,1,4,0,0,0,
2015,1256,8/4/2015,1,C,T,TC,F5,E5,PL,H5868,P,2,1,1,1,27,2,,,,,20,26,12,58,0,0,0,
2015,1256,8/4/2015,1,C,T,TC,E6,F4,PL,H5823,P,1,1,2,1,29,,2,2,1,,6,3,6,15,0,0,0,
2015,1256,8/4/2015,1,C,T,TC,E8,F8,PL,H6067,P,1,1,2,1,19,,1,1,,,0,0,0,0,0,0,0,
2015,1256,8/4/2015,1,C,T,TC,,F10,PL,H6008,P,1,1,1,2,16,2,,,,,8,1,2,11,0,0,0,
2015,1256,8/4/2015,1,C,T,TC,K1,,PL,H6098,N,1,2,2,2,17,,2,1,,,3,2,0,5,0,0,0,
2015,1256,8/4/2015,1,C,T,TC,K1,,PL,H6099,N,1,2,1,1,22,2,,,,,6,1,3,10,0,0,0,
2015,1256,8/4/2015,1,C,T,TC,K3,K3,PL,H6022,P,1,1,1,2,18,2,,,,,11,16,1,28,0,0,0,
2015,1256,8/4/2015,1,C,T,TC,K3,K1,PL,H5838,P,1,1,1,1,27,2,,,,,7,9,6,22,1,0,0,
2015,1256,8/4/2015,1,C,T,TC,K9,I9,PL,H6024,P,2,1,1,1,18,2,,,,,12,27,4,43,0,0,0,
2015,1256,8/4/2015,1,C,T,TC,K10,K9,PL,H5778,P,1,1,1,1,26,2,,,,,24,18,7,49,0,0,0,
2015,1256,8/4/2015,1,C,T,TC,K11,,PL,H6100,N,1,2,1,1,22,2,,,,,1,2,3,6,0,0,0,
2015,1256,8/4/2015,1,C,T,TC,E1,F1,PL,H6004,P,1,1,2,2,14,,1,1,,,0,1,0,1,0,0,0,
2015,1256,8/4/2015,1,C,T,TC,,K3,PL,H5939,P,1,1,2,1,27,,1,2,,,5,4,2,11,0,0,0,
2015,1256,8/4/2015,1,C,T,TC,,K6,PL,H5774,P,1,1,2,1,26,,1,2,,,11,16,1,28,0,0,0,
2015,1256,8/4/2015,1,C,T,TC,J1,J1,PL,H6089,P,1,1,1,1,20,1,,,,,10,16,1,27,2,0,0,
2015,1256,8/4/2015,1,C,T,TC,J2,K1,PL,H6020,P,1,1,2,1,19,,2,2,,,8,1,0,9,0,0,0,
2015,1256,8/4/2015,1,C,T,TC,J7,J6,PL,H5854,P,1,1,1,1,28,2,,,,,7,1,2,10,1,0,0,
2015,1256,8/4/2015,1,C,T,TC,J9,K7,PL,H6021,P,1,1,1,1,23,2,,,,,11,10,5,26,2,0,0,
2015,1256,8/4/2015,1,C,T,TC,J10,E10,PL,H5924,P,2,1,1,1,26,2,,,,,1,8,0,9,0,0,0,
2015,1256,8/4/2015,1,C,T,TC,D11,C11,PL,H5982,P,1,1,1,1,27,2,,,,,13,13,5,31,1,0,0,
2015,1256,8/4/2015,1,C,T,TC,D10,E10,PL,H6015,P,1,1,2,1,18,,1,1,,,8,3,0,11,0,0,0,
2015,1256,8/4/2015,1,C,T,TC,D8,,PL,H6128,N,1,2,2,2,12,,1,2,,,2,1,1,4,0,0,0,
2015,1256,8/4/2015,1,C,T,TC,D7,C8,PL,H6031,P,1,1,1,1,19,2,,,,,4,3,1,8,0,0,0,
2015,1256,8/4/2015,1,C,T,TC,D6,B7,PL,H6017,P,1,1,1,1,20,2,,,,,8,3,1,12,0,0,0,
2015,1256,8/4/2015,1,C,T,TC,D5,F5,PL,H6129,N,1,2,2,3,11,,1,1,,,2,2,1,5,0,0,0,
2015,1256,8/4/2015,1,C,T,TC,D3,E2,PL,H6018,P,1,1,2,2,16,,1,1,,,8,6,3,17,0,0,3,
2015,1256,8/4/2015,1,C,T,TC,C11,C11,PL,H5801,P,1,1,2,1,27,,2,2,1,,2,2,2,6,1,0,0,
2015,1256,8/4/2015,1,C,T,TC,C10,B9,PL,H5947,P,1,1,2,1,21,,2,2,,,5,0,3,8,0,0,0,
2015,1256,8/4/2015,1,C,T,TC,C9,D10,PL,H6069,P,1,1,1,1,19,2,,,,,5,1,1,7,0,0,0,
2015,1256,8/4/2015,1,C,T,TC,,J4,PL,H6079,P,1,1,2,1,18,,2,2,,,2,1,2,5,0,0,0,
2015,1256,8/4/2015,1,C,T,TC,,J4,PL,H5908,P,1,1,2,1,20,,1,1,,,1,0,1,2,0,0,0,
2015,1256,8/4/2015,1,C,T,TC,,D11,PL,H6130,N,2,2,1,1,18,1,,,,,11,9,3,23,0,0,0,
2015,1259,8/25/2015,2,C,T,TC,K1,J1,PL,E7133,P,1,1,1,1,19,2,,,,,9,1,1,11,0,0,0,
2015,1259,8/25/2015,2,C,T,TC,K2,K2,PL,H5838,P,1,1,1,1,32,2,,,,,6,8,0,14,0,0,0,
2015,1259,8/25/2015,2,C,T,TC,K3,K3,PL,H5939,P,1,1,2,1,28,,1,2,1,,14,6,2,22,0,0,0,
2015,1259,8/25/2015,2,C,T,TC,K6,I5,PL,H5854,P,1,1,1,1,28,2,,,,,23,8,2,33,0,0,0,
2015,1259,8/25/2015,2,C,T,TC,K7,K9,PL,H5778,P,1,1,1,1,30,2,,,,,12,16,1,29,0,0,0,
2015,1259,8/25/2015,2,C,T,TC,K11,,PL,H6164,N,1,2,1,2,18,2,,,,,7,4,8,19,0,0,0,
2015,1259,8/25/2015,2,C,T,TC,F7,E7,PL,H6031,P,1,1,1,1,26,2,,,,,16,2,4,22,0,0,0,1
2015,1259,8/25/2015,2,C,T,TC,F5,E5,PL,H5868,P,2,1,1,1,29,2,,,,,21,13,2,36,0,1,0,1
2015,1259,8/25/2015,2,C,T,TC,F3,F2,PL,H5875,P,1,1,1,1,,2,,,,,7,5,1,13,0,0,0,
2015,1259,8/25/2015,2,C,T,TC,A2,,PL,H6165,N,1,2,1,1,19,2,,,,,4,3,3,10,0,0,0,
2015,1259,8/25/2015,2,C,T,TC,A2,,PL,H5787,P,2,1,1,1,39,2,,,,,2,7,0,9,0,0,0,
2015,1259,8/25/2015,2,C,T,TC,A3,,PL,H6166,N,1,2,2,1,20,,1,1,,,2,3,0,5,0,0,0,
2015,1259,8/25/2015,2,C,T,TC,A4,C5,PL,H6118,P,1,1,1,1,25,2,,,,,8,8,0,16,0,0,0,
2015,1259,8/25/2015,2,C,T,TC,A5,B5,PL,H6026,P,1,1,2,1,24,,2,2,,,3,3,1,7,0,0,0,
2015,1259,8/25/2015,2,C,T,TC,A6,,PL,H5920,P,1,1,1,1,27,2,,,,,5,3,0,8,1,0,0,
2015,1259,8/25/2015,2,C,T,TC,,K7,PL,H5774,P,1,1,2,1,35,,,2,1,,21,6,1,28,0,0,0,
2015,1259,8/25/2015,2,C,T,TC,H5,I7,PL,H6102,RT,2,1,1,1,28,2,,,,,14,8,5,27,0,0,0,
2015,1259,8/25/2015,2,C,T,TC,H10,H11,PL,H6078,P,2,1,1,1,34,2,,,,,12,19,5,36,0,0,0,
2015,1259,8/25/2015,2,C,T,TC,C10,D11,PL,H5982,P,1,1,1,1,35,1,,,,,6,5,4,15,0,0,0,1
2015,1259,8/25/2015,2,C,T,TC,C8,C10,PL,H5947,P,1,1,2,1,31,,2,2,,,5,3,1,9,0,0,0,
2015,1259,8/25/2015,2,C,T,TC,B1,B1,PL,H6153,P,1,1,1,1,26,2,,,,,7,1,3,11,1,0,1,
2015,1259,8/25/2015,2,C,T,TC,B2,,PL,H6129,P,1,1,2,2,20,,2,1,,,7,2,0,9,0,0,1,
2015,1259,8/25/2015,2,C,T,TC,B7,A6,PL,H6071,P,1,1,2,2,21,,1,1,,,6,5,2,13,0,0,0,
2015,1259,8/25/2015,2,C,T,TC,B8,B8,PL,H6103,N,1,2,1,1,23,2,,,,,3,3,2,8,0,0,0,
2015,1259,8/25/2015,2,C,T,TC,,H2,PL,H5436,P,1,1,2,1,37,,2,2,1,1,0,1,0,1,0,0,0,
2015,1259,8/25/2015,2,C,T,TC,J2,J1,PL,H6020,P,1,1,2,1,22,,1,2,1,,2,2,0,4,0,0,0,
2015,1259,8/25/2015,2,C,T,TC,J4,,PL,H6079,P,1,1,2,1,22,,2,2,1,,4,0,1,5,0,0,0,
2015,1259,8/25/2015,2,C,T,TC,J5,J4,PL,H5908,P,1,1,2,1,21,,2,2,,,1,0,0,1,0,0,0,
2015,1259,8/25/2015,2,C,T,TC,J7,J6,PL,H5773,P,1,1,2,1,25,,2,2,1,1,2,1,2,5,0,0,0,
2015,1259,8/25/2015,2,C,T,TC,J9,K11,PL,H6119,RT,1,1,1,1,23,2,,,,,17,21,4,42,0,0,0,
2015,1259,8/25/2015,2,C,T,TC,E11,E11,PL,H6130,P,2,1,1,1,23,2,,,,,2,11,2,15,0,0,0,1
2015,1259,8/25/2015,2,C,T,TC,E10,,PL,H6015,P,1,1,2,1,22,,2,2,,,7,2,1,10,0,0,0,1
2015,1259,8/25/2015,2,C,T,TC,E9,D8,PL,H6069,P,1,1,1,1,22,2,,,,,8,0,0,8,0,0,0,
2015,1259,8/25/2015,2,C,T,TC,E7,B6,PL,H6017,P,1,1,1,1,25,2,,,,,13,8,3,24,0,0,0,1
2015,1259,8/25/2015,2,C,T,TC,E5,F5,PL,H5823,P,1,1,2,1,33,,2,2,1,1,9,1,0,10,0,0,0,
2015,1259,8/25/2015,2,C,T,TC,E3,D3,PL,H6013,P,1,1,2,1,21,,2,2,,,2,1,0,3,0,0,0,
2015,1259,8/25/2015,2,C,T,TC,E3,C4,PL,H6097,P,1,1,1,1,24,2,,,,,8,6,5,19,0,0,0,
2015,1259,8/25/2015,2,C,T,TC,E2,D2,PL,H6035,P,2,1,1,1,23,2,,,,,6,14,0,20,0,0,0,
2015,1259,8/25/2015,2,C,T,TC,E1,F3,PL,H6004,P,1,1,2,1,15,,2,1,,,0,1,1,2,0,0,0,
2015,1259,8/25/2015,2,C,T,TC,,A2,PL,H6104,N,1,2,2,1,23,,2,1,,,4,1,0,5,0,0,0,
2015,1259,8/25/2015,2,C,T,TC,,A2,PL,H5915,P,1,1,1,1,,2,,,,,2,0,0,2,0,0,0,
2015,1259,8/25/2015,2,C,T,TC,G1,G1,PL,H6126,P,1,1,1,1,23,2,,,,,9,3,0,12,0,1,0,
2015,1259,8/25/2015,2,C,T,TC,G1,H3,PL,H6040,P,1,1,1,1,24,2,,,,,8,1,1,10,0,0,0,
2015,1259,8/25/2015,2,C,T,TC,G3,G3,PL,H6005,P,1,1,1,1,18,2,,,,,2,1,1,4,0,0,0,
2015,1259,8/25/2015,2,C,T,TC,G4,F4,PL,H6187,RT,2,1,1,2,17,2,,,,,0,1,0,1,0,0,0,
2015,1259,8/25/2015,2,C,T,TC,G7,,PL,H6128,P,1,1,2,2,14,,2,2,,,11,4,0,15,0,0,0,
2015,1259,8/25/2015,2,C,T,TC,G9,F9,PL,H5901,P,1,1,2,1,28,,2,2,1,1,8,5,2,15,0,0,0,
2015,1259,8/25/2015,2,C,T,TC,G11,,PL,H6044,P,1,1,2,1,37,,2,2,1,1,16,3,0,19,0,0,0,
2015,1259,8/25/2015,2,C,T,TC,,G5,PL,H6120,N,1,2,1,1,18,2,,,,,3,5,2,10,0,0,0,
2015,1259,8/25/2015,2,C,T,TC,,F1,PL,H6074,P,2,1,2,1,18,,2,2,,,2,5,3,10,0,0,0,
2015,1259,8/25/2015,2,C,T,TC,I4,H5,PL,H6133,RT,2,1,1,1,19,2,,,,,2,3,0,5,0,0,0,
2015,1259,8/25/2015,2,C,T,TC,I9,,PL,H6037,P,1,1,2,2,21,,2,1,,,7,1,1,9,0,0,0,
2015,1259,8/25/2015,2,C,T,TC,I10,E10,PL,H5924,P,2,1,1,1,28,2,,,,,6,21,9,36,0,0,5,
2015,1259,8/25/2015,2,C,T,TC,D3,E3,PL,H6018,P,1,1,2,1,23,,1,1,,,9,6,1,16,1,1,0,
2015,1259,8/25/2015,2,C,T,TC,D6,C7,PL,H6073,P,1,1,2,1,19,,1,1,,,9,2,2,13,0,0,3,1
2015,1259,8/25/2015,2,C,T,TC,D11,C11,PL,H5801,P,1,1,2,1,36,,1,2,1,1,3,0,2,5,0,0,0,
2015,1259,8/25/2015,2,C,T,TC,B11,,PL,H5980,P,1,1,1,1,33,2,,,,,4,1,2,7,1,0,0,1
2015,1259,8/25/2015,2,C,T,TC,A10,,PL,H6063,P,1,1,1,1,24,2,,,,,10,10,3,23,0,0,1,1
2015,1259,8/25/2015,2,C,T,TC,A10,,PL,H5978,P,2,1,2,1,27,,1,1,,,7,10,2,19,0,0,0,1
2015,1259,8/25/2015,2,C,T,TC,A9,A8,PL,H6058,P,1,1,2,1,29,,2,2,1,1,6,5,2,13,1,0,1,1
2015,1259,8/25/2015,2,C,T,TC,A8,A6,PL,H5919,P,1,1,1,1,21,2,,,,,4,1,0,5,0,0,0,2
2015,1259,8/25/2015,2,C,T,TC,,I9,PL,H6134,N,1,2,2,2,15,,2,1,,,2,3,4,9,0,0,0,0
2015,1259,8/25/2015,2,C,T,TC,,I11,PL,H6135,N,1,2,1,2,19,1,,,,,6,3,3,12,0,0,2,
2015,1257,8/12/2015,0,C,T,TC,29,,PL,H6024,P,2,1,1,1,25,2,,,,,9,21,6,36,0,0,0,
2015,1257,8/12/2015,0,C,T,TC,29,,PL,H6037,P,1,1,2,1,24,,2,1,,,7,1,1,9,0,0,0,
2015,1257,8/12/2015,0,C,T,TC,25,,PL,H6151,P,1,1,1,1,15,2,,,,,11,5,2,18,0,1,0,
2015,1257,8/12/2015,0,C,T,TC,11,,PL,H6018,P,1,1,2,1,23,,2,1,,,5,2,1,8,0,0,0,
2015,1257,8/12/2015,0,C,T,TC,11,,PL,H6013,P,1,1,2,1,20,,2,1,,,10,2,0,12,0,0,0,
2015,1257,8/12/2015,0,C,T,TC,20,,PL,H5868,P,2,1,1,1,27,2,,,,,25,12,70,107,0,0,0,
2015,1256,8/6/2015,1,X,T,TX,H1,,PL,E7300,N,1,2,1,1,18,2,,,,,6,8,4,18,0,0,0,
2015,1256,8/6/2015,1,X,T,TX,H3,J3,PL,E6951,P,1,1,2,1,23,,1,2,,,5,3,3,11,0,0,1,
2015,1256,8/6/2015,1,X,T,TX,H10,K8,PL,E4698,P,1,1,1,1,27,2,,,,,13,9,7,29,0,0,0,
2015,1256,8/6/2015,1,X,T,TX,C1,,PL,E7123,P,1,1,2,1,17,,1,1,,,6,7,2,15,0,0,0,
2015,1256,8/6/2015,1,X,T,TX,C2,E2,PL,E7043,P,1,1,1,1,24,2,,,,,18,7,4,29,0,0,0,
2015,1256,8/6/2015,1,X,T,TX,C4,C4,PL,E6859,P,1,1,1,1,28,2,,,,,4,2,2,8,0,0,1,
2015,1256,8/6/2015,1,X,T,TX,C8,B7,PL,E7299,N,1,2,1,1,20,2,,,,,7,5,2,14,0,2,3,
2015,1256,8/6/2015,1,X,T,TX,,H11,PL,E7145,P,1,1,1,1,18,2,,,,,3,5,0,8,0,0,0,
2015,1256,8/6/2015,1,X,T,TX,,H5,PL,E7014,P,1,1,1,1,23,2,,,,,5,2,1,8,0,0,0,
2015,1256,8/6/2015,1,X,T,TX,,H3,PL,E6956,P,1,1,1,2,,2,,,,,9,1,0,10,2,1,0,
2015,1256,8/6/2015,1,X,T,TX,,B11,PL,E7132,P,1,1,2,1,29,,1,2,,1,3,1,0,4,1,1,0,
2015,1256,8/6/2015,1,X,T,TX,G1,,PL,E7261,N,1,2,1,2,17,2,,,,,0,0,0,0,0,0,0,
2015,1256,8/6/2015,1,X,T,TX,G5,G5,PL,E7160,P,1,1,1,1,19,2,,,,,1,3,0,4,0,0,1,
2015,1256,8/6/2015,1,X,T,TX,G9,F9,PL,E7054,P,1,1,2,1,30,,2,2,,1,5,3,2,10,0,0,1,
2015,1256,8/6/2015,1,X,T,TX,A6,B5,PL,E7130,P,1,1,2,1,19,,1,2,,,3,1,0,4,0,0,0,
2015,1256,8/6/2015,1,X,T,TX,C11,C11,PL,E6874,P,1,1,2,1,24,,2,1,,,7,3,1,11,0,0,0,
2015,1256,8/6/2015,1,X,T,TX,C9,D9,PL,E6986,P,1,1,2,1,24,,2,1,,,9,2,2,13,0,0,3,
2015,1256,8/6/2015,1,X,T,TX,C9,C9,PL,H6064,P,1,1,1,1,21,2,,,,,18,3,4,25,2,0,0,
2015,1256,8/6/2015,1,X,T,TX,,G1,PL,E7119,N,1,2,2,3,12,,1,1,,,0,3,0,3,0,0,0,
2015,1256,8/6/2015,1,X,T,TX,,G1,PL,E6853,P,1,1,2,1,21,,2,1,,,0,2,0,2,0,0,0,
2015,1256,8/6/2015,1,X,T,TX,,G6,PL,E7047,P,1,1,2,1,17,,2,1,,,9,7,0,16,0,0,0,
2015,1256,8/6/2015,1,X,T,TX,,G11,PL,E6975,P,1,1,2,1,31,,2,2,,,3,0,0,3,0,0,0,
2015,1256,8/6/2015,1,X,T,TX,,G11,PL,E7161,P,1,1,1,1,29,2,,,,,11,4,1,16,0,0,0,
2015,1256,8/6/2015,1,X,T,TX,,K2,PL,E7052,P,1,1,1,1,22,2,,,,,6,4,3,13,0,0,0,
2015,1256,8/6/2015,1,X,T,TX,,K3,PL,E6943,P,1,1,2,1,26,,1,2,,,2,0,1,3,0,0,0,
2015,1256,8/6/2015,1,X,T,TX,,K6,PL,E6797,P,1,1,1,1,28,2,,,,,4,2,1,7,0,0,0,
2015,1256,8/6/2015,1,X,T,TX,,K7,PL,E7078,P,1,1,2,1,25,,2,2,,,1,0,0,1,0,0,0,
2015,1256,8/6/2015,1,X,T,TX,,E7,PL,E7039,P,1,1,1,1,19,2,,,,,4,0,0,4,0,0,0,
2015,1256,8/6/2015,1,X,T,TX,,D1,PL,E7122,P,1,1,2,1,27,,1,2,1,,6,0,3,9,0,0,0,
2015,1256,8/6/2015,1,X,T,TX,J4,J5,PL,E6992,P,2,1,1,2,19,2,,,,,4,2,0,6,0,0,0,
2015,1256,8/6/2015,1,X,T,TX,J6,J8,PL,E7162,N,1,2,2,2,14,,1,1,,,0,0,0,0,0,0,0,
2015,1256,8/6/2015,1,X,T,TX,J7,I7,PL,E6807,P,1,1,2,1,21,,2,2,,,1,0,2,3,0,0,0,
2015,1256,8/6/2015,1,X,T,TX,J7,J7,PL,E6962,P,1,1,1,1,28,2,,,,,3,6,2,11,0,0,0,
2015,1256,8/6/2015,1,X,T,TX,J8,J10,PL,E6849,P,1,1,2,1,25,,2,1,,,6,2,0,8,0,0,0,
2015,1256,8/6/2015,1,X,T,TX,J8,K10,PL,E7163,N,1,2,1,2,19,2,,,,,0,1,9,10,0,0,1,
2015,1256,8/6/2015,1,X,T,TX,E8,,PL,E6952,P,2,1,1,1,29,2,,,,,10,11,6,27,0,0,2,
2015,1256,8/6/2015,1,X,T,TX,E7,D8,PL,E7040,P,1,1,2,2,20,,1,2,,1,5,0,0,5,1,0,2,
2015,1256,8/6/2015,1,X,T,TX,E6,E5,PL,E6893,P,1,1,1,1,26,2,,,,,0,2,1,3,0,0,1,
2015,1256,8/6/2015,1,X,T,TX,E5,E6,PL,E6844,P,1,1,2,1,22,,2,2,,1,0,0,1,1,0,0,0,
2015,1256,8/6/2015,1,X,T,TX,E1,F2,PL,E7117,P,1,1,2,1,17,,2,1,,,4,5,1,10,0,1,2,1
2015,1256,8/6/2015,1,X,T,TX,,F11,PL,E7164,N,1,2,2,2,20,,2,1,,,0,1,0,1,0,0,0,
2015,1256,8/6/2015,1,X,T,TX,,A2,PL,E7049,P,1,1,1,1,15,2,,,,,3,0,0,3,0,0,0,
2015,1256,8/6/2015,1,X,T,TX,,A11,PL,E7072,P,1,1,1,1,17,2,,,,,46,8,9,63,0,0,0,
2015,1256,8/6/2015,1,X,T,TX,I2,J1,PL,E6982,P,2,1,2,1,27,,1,1,,,2,8,0,10,0,0,0,
2015,1256,8/6/2015,1,X,T,TX,I6,I5,PL,E6913,P,1,1,2,1,26,,2,2,,,3,0,1,4,0,0,0,
2015,1256,8/6/2015,1,X,T,TX,I11,K11,PL,E6932,P,1,1,1,1,32,2,,,,,1,1,2,4,0,0,0,
2015,1256,8/6/2015,1,X,T,TX,I11,J11,PL,E6909,P,1,1,2,1,22,,2,1,,,3,2,0,5,0,0,0,
2015,1256,8/6/2015,1,X,T,TX,D4,E2,PL,E7082,P,1,1,2,1,21,,2,2,,,12,6,0,18,0,0,0,
2015,1256,8/6/2015,1,X,T,TX,D1,,PL,E7000/E7044,P/RT,"1,2",1,2,2,20,,2,2,,,3,1,0,4,0,0,0,
2015,1256,8/6/2015,1,X,T,TX,A1,A1,PL,E7002,P,1,1,1,2,20,2,,,,,12,9,10,31,0,0,0,
2015,1256,8/6/2015,1,X,T,TX,A2,B1,PL,E6997,P,1,1,2,1,24,,2,1,,,3,3,0,6,0,0,0,
2015,1256,8/6/2015,1,X,T,TX,A6,A6,PL,E7154,P,1,1,1,1,24,2,,,,,9,3,0,12,0,0,0,
2015,1256,8/6/2015,1,X,T,TX,A6,A5,PL,E7058,P,1,1,2,1,19,,2,1,,,4,3,3,10,0,0,0,
2015,1256,8/6/2015,1,X,T,TX,A7,,PL,E7071,P,1,1,2,1,16,,2,1,,,5,0,0,5,0,0,0,
2015,1256,8/6/2015,1,X,T,TX,A7,A7,PL,E7097,P,1,1,2,1,26,,1,2,,,2,0,0,2,0,0,0,
2015,1256,8/6/2015,1,X,T,TX,A9,B9,PL,E7201,N,1,2,1,2,13,2,,,,,3,0,0,3,0,0,0,
2015,1256,8/6/2015,1,X,T,TX,A9,,PL,E7069,P,1,1,1,1,21,2,,,,,8,2,1,11,0,0,0,
2015,1256,8/6/2015,1,X,T,TX,A11,,PL,E6725,P,1,1,2,1,27,,1,2,,,2,2,0,4,0,0,0,
2015,1256,8/6/2015,1,X,T,TX,,J1,PL,H6008,P,1,1,1,2,17,2,,,,,3,7,0,10,0,0,0,
2015,1256,8/6/2015,1,X,T,TX,,K11,PL,E7202,N,1,2,2,2,11,,1,1,,,2,1,4,7,0,0,0,
2015,1256,8/6/2015,1,X,T,TX,,D5,PL,E6825,P,1,1,2,1,27,,2,1,,,6,2,0,8,0,0,0,
2015,1256,8/6/2015,1,X,T,TX,K2,K1,PL,E7004,P,2,1,2,1,19,,1,1,,,4,3,0,7,0,0,0,
2015,1256,8/6/2015,1,X,T,TX,K3,K5,PL,E7118,P,1,1,1,1,20,2,,,,,4,0,1,5,1,0,0,
2015,1256,8/6/2015,1,X,T,TX,K11,K10,PL,E6941,P,2,1,2,1,24,,1,2,1,,1,1,0,2,0,0,0,
2015,1256,8/6/2015,1,X,T,TX,J11,H11,PL,E7199,N,1,2,1,1,21,2,,,,,11,7,6,24,0,0,0,
2015,1256,8/6/2015,1,X,T,TX,J11,I11,PL,E6833,P,1,1,2,1,28,,1,2,,,8,9,2,19,0,0,0,
2015,1256,8/6/2015,1,X,T,TX,F10,E9,PL,E6801,P,1,1,2,1,24,,2,2,,,6,2,3,11,0,0,0,
2015,1256,8/6/2015,1,X,T,TX,F8,F8,PL,E6850,P,1,1,2,1,27,,1,2,,,17,5,1,23,1,0,0,
2015,1256,8/6/2015,1,X,T,TX,F4/G3,E4,PL,E6954,P,2,1,1,1,28,2,,,,,6,17,11,34,0,0,0,
2015,1256,8/6/2015,1,X,T,TX,F1,E1,PL,E6995,P,1,1,1,1,19,1,,,,,3,1,0,4,0,0,0,
2015,1256,8/6/2015,1,X,T,TX,B11,,PL,E7198,N,1,2,1,1,25,2,,,,,11,6,5,22,0,0,0,
2015,1256,8/6/2015,1,X,T,TX,B10,B10,PL,E7197,N,2,2,2,1,17,,2,1,,,6,3,4,13,0,0,0,
2015,1256,8/6/2015,1,X,T,TX,B4,C3,PL,E6722,P,1,1,2,1,26,,1,2,,,5,1,5,11,0,0,0,
2015,1256,8/6/2015,1,X,T,TX,B3,B4,PL,E7194,N,1,2,1,1,18,2,,,,,8,4,7,19,0,0,0,
2015,1256,8/6/2015,1,X,T,TX,,I1,PL,E7126,P,1,1,1,1,24,1,,,,,2,2,2,6,0,0,0,
2015,1256,8/6/2015,1,X,T,TX,,I6,PL,E7063,P,1,1,1,1,23,1,,,,,8,7,0,15,0,0,0,1
2015,1256,8/6/2015,1,X,T,TX,,C9,PL,E7193,N,1,2,2,1,15,,1,1,,,4,3,7,14,0,0,0,
2015,1259,8/27/2015,2,X,T,TX,H3,G1,PL,E6992,P,2,1,1,1,24,2,,,,,26,13,0,39,0,0,0,
2015,1259,8/27/2015,2,X,T,TX,H3,J4,PL,E6951,P,1,1,2,1,32,,1,2,1,,2,3,0,5,0,0,0,1
2015,1259,8/27/2015,2,X,T,TX,H5,,PL,E7063,P,1,1,1,1,29,2,,,,,2,1,0,3,0,0,0,1
2015,1259,8/27/2015,2,X,T,TX,H8,I8,PL,E6807,P,1,1,2,1,29,,1,2,1,,0,2,1,3,0,0,0,
2015,1259,8/27/2015,2,X,T,TX,C9,,PL,E6986,P,1,1,2,1,38,,2,2,1,1,3,7,2,12,0,0,0,
2015,1259,8/27/2015,2,X,T,TX,C8,,PL,H6064,P,1,1,1,1,26,2,,,,,25,6,1,32,0,0,0,
2015,1259,8/27/2015,2,X,T,TX,C6,C6,PL,E7299,P,1,1,1,1,28,2,,,,,5,1,1,7,0,0,0,
2015,1259,8/27/2015,2,X,T,TX,C4,C2,PL,E7000/E7044,P,"1,2",1,2,1,27,,1,1,1,,2,0,1,3,0,0,0,
2015,1259,8/27/2015,2,X,T,TX,C3,A2,PL,E6859,P,1,1,1,1,32,2,,,,,4,2,0,6,0,0,0,
2015,1259,8/27/2015,2,X,T,TX,K1,K1,PL,E7004,P,2,1,2,1,27,,1,2,,,2,2,0,4,0,0,0,
2015,1259,8/27/2015,2,X,T,TX,K3,,PL,E6943,P,1,1,2,1,32,,2,2,1,,5,1,0,6,1,0,0,
2015,1259,8/27/2015,2,X,T,TX,K6,K7,PL,E6797,P,1,1,1,1,32,2,,,,,2,3,1,6,0,0,0,
2015,1259,8/27/2015,2,X,T,TX,K9,K10,PL,E6941,P,2,1,2,1,30,,1,2,,,0,0,1,1,0,0,0,
2015,1259,8/27/2015,2,X,T,TX,F7,E7,PL,E7298,N,1,2,1,1,23,2,,,,,1,5,2,8,0,0,0,
2015,1259,8/27/2015,2,X,T,TX,F1,F2,PL,E7117,P,1,1,2,1,23,,1,2,,,2,0,1,3,0,0,0,
2015,1259,8/27/2015,2,X,T,TX,B2,B2,PL,E7002,P,1,1,1,1,25,2,,,,,10,4,1,15,1,0,0,1
2015,1259,8/27/2015,2,X,T,TX,,K1,PL,H6008,P,1,1,1,1,,2,,,,,8,5,0,13,0,0,0,
2015,1259,8/27/2015,2,X,T,TX,,K11,PL,E7120,N,1,2,1,1,21,2,,,,,4,4,1,9,0,0,0,
2015,1259,8/27/2015,2,X,T,TX,,I11,PL,E7124,N,1,2,2,2,19,,1,1,,,4,1,0,5,0,0,0,
2015,1259,8/27/2015,2,X,T,TX,,A10,PL,E7125,N,1,2,1,1,21,2,,,,,7,13,3,23,0,0,0,
2015,1259,8/27/2015,2,X,T,TX,,A9,PL,E6960,N,1,2,1,2,,1,,,,,4,5,0,9,0,0,0,
2015,1259,8/27/2015,2,X,T,TX,A4,,PL,E6722,P,1,1,2,1,33,,1,2,1,1,3,1,2,6,0,0,0,
2015,1259,8/27/2015,2,X,T,TX,A5,A5,PL,E7154,P,1,1,1,1,26,2,,,,,6,3,0,9,0,0,0,
2015,1259,8/27/2015,2,X,T,TX,A6,A7,PL,E7069,P,1,1,1,1,28,2,,,,,5,3,0,8,0,0,0,
2015,1259,8/27/2015,2,X,T,TX,A7,,PL,E7071,P,1,1,2,1,24,,1,1,,,1,1,1,3,0,0,0,
2015,1259,8/27/2015,2,X,T,TX,A10,B9,PL,E7262,N,1,2,1,1,26,2,,,,,5,3,1,9,0,0,0,
2015,1259,8/27/2015,2,X,T,TX,A11,,PL,E6725,P,1,1,2,1,32,,1,2,,1,6,0,2,8,0,0,0,
2015,1259,8/27/2015,2,X,T,TX,B11,C11,PL,E7132,P,1,1,2,1,25,,1,2,1,,10,7,3,20,0,0,0,
2015,1259,8/27/2015,2,X,T,TX,,G7,PL,E7263,N,1,2,2,1,21,,1,1,,,4,3,0,7,0,0,0,
2015,1259,8/27/2015,2,X,T,TX,J4,K3,PL,E7118,P,1,1,1,1,24,2,,,,,2,1,0,3,0,0,0,
2015,1259,8/27/2015,2,X,T,TX,J7,I6,PL,E7162,P,1,1,2,1,18,,2,2,,,6,3,3,12,0,0,0,
2015,1259,8/27/2015,2,X,T,TX,J8,J9,PL,E6849,P,1,1,2,1,25,,2,2,1,1,4,2,0,6,0,0,0,
2015,1259,8/27/2015,2,X,T,TX,J10,H10,PL,E6932,P,1,1,1,1,36,2,,,,,4,3,2,9,0,0,0,1
2015,1259,8/27/2015,2,X,T,TX,E9,G7,PL,E6952,P,2,1,1,1,29,2,,,,,5,10,5,20,0,0,0,
2015,1259,8/27/2015,2,X,T,TX,E9,E10,PL,E6801,P,1,1,2,1,33,,1,2,1,1,7,6,2,15,0,0,0,
2015,1259,8/27/2015,2,X,T,TX,E6,F4,PL,E6893,P,1,1,1,1,28,2,,,,,2,5,1,8,0,0,0,
2015,1259,8/27/2015,2,X,T,TX,E4,C4,PL,E7194,P,1,1,1,1,22,2,,,,,10,4,1,15,0,0,0,
2015,1259,8/27/2015,2,X,T,TX,,E4,PL,E6954,P,2,1,1,1,31,2,,,,,3,9,1,13,0,0,0,
2015,1259,8/27/2015,2,X,T,TX,,A5,PL,E7130,P,1,1,2,1,25,,2,1,,,3,1,0,4,0,0,0,
2015,1259,8/27/2015,2,X,T,TX,,A6,PL,E7058,P,1,1,2,1,24,,2,2,1,1,0,0,0,0,0,0,0,
2015,1259,8/27/2015,2,X,T,TX,I2,H3,PL,E7014,P,1,1,1,1,26,2,,,,,2,1,0,3,0,0,0,
2015,1259,8/27/2015,2,X,T,TX,I7,J7,PL,E7163,P,1,1,1,1,23,2,,,,,5,10,1,16,0,0,0,
2015,1259,8/27/2015,2,X,T,TX,J11,J11,PL,E6909,P,1,1,2,1,29,,2,1,,,0,1,1,2,0,0,0,
2015,1259,8/27/2015,2,X,T,TX,D6,,PL,E6825,P,1,1,2,1,30,,1,2,,,1,0,0,1,0,0,0,
2015,1259,8/27/2015,2,X,T,TX,D4,E4,PL,E7082,P,1,1,2,1,33,,2,2,,1,9,8,5,22,0,0,0,
2015,1259,8/27/2015,2,X,T,TX,E1,G2,PL,E6995,P,1,1,1,1,23,2,,,,,6,1,1,8,0,0,0,
2015,1259,8/27/2015,2,X,T,TX,B10,,PL,E7042,P,1,1,1,1,23,2,,,,,11,10,0,21,0,0,0,
2015,1259,8/27/2015,2,X,T,TX,,C11,PL,E7197,P,2,1,2,1,22,,2,2,,,5,15,6,26,0,0,0,
2015,1259,8/27/2015,2,X,T,TX,,C9,PL,E6874,P,1,1,2,1,28,,2,2,,1,4,0,1,5,0,0,0,
2015,1259,8/27/2015,2,X,T,TX,,C8,PL,E6984,P,1,1,2,1,33,,2,2,1,1,4,8,3,15,0,0,0,
2015,1259,8/27/2015,2,X,T,TX,,C3,PL,E7203,N,1,2,1,1,18,2,,,,,2,7,11,20,0,0,0,
2015,1259,8/27/2015,2,X,T,TX,G1,F1,PL,E7119,P,1,1,2,2,16,,2,1,,,10,6,0,16,0,0,0,
2015,1259,8/27/2015,2,X,T,TX,G5,G5,PL,E7160,P,1,1,1,1,21,2,,,,,5,2,0,7,0,0,0,
2015,1259,8/27/2015,2,X,T,TX,G6,F6,PL,E6844,P,1,1,2,1,24,,2,2,1,,4,0,0,4,0,0,0,
2015,1259,8/27/2015,2,X,T,TX,G8,G8,PL,E6962,P,1,1,1,1,29,2,,,,,2,0,0,2,0,0,0,
2015,1259,8/27/2015,2,X,T,TX,G9,F9,PL,E7054,P,1,1,2,1,29,,2,2,1,1,1,2,0,3,0,0,0,
2015,1259,8/27/2015,2,X,T,TX,,F11,PL,E7145,P,1,1,1,1,22,2,,,,,5,2,1,8,0,0,0,
2015,1259,8/27/2015,2,X,T,TX,,B11,PL,E7297,N,1,2,1,1,22,2,,,,,4,7,3,14,0,0,0,
2015,1259,8/27/2015,2,X,T,TX,,B11,PL,E7198,P,1,1,1,1,,2,,,,,17,2,0,19,0,0,0,
2015,1259,8/27/2015,2,X,T,TX,,B5,PL,E7296,N,1,2,1,1,21,2,,,,,1,1,1,3,0,0,0,1
2015,1259,8/27/2015,2,X,T,TX,,B1,PL,E7294,N,1,2,1,1,21,2,,,,,7,9,0,16,0,0,0,
2015,1259,8/27/2015,2,X,T,TX,,D1,PL,E7122,P,1,1,2,1,29,,1,2,1,1,5,5,2,12,0,0,0,
2015,1258,8/19/2015,0,X,T,TX,23,,PL,E7117,P,1,1,2,1,20,,2,1,,,3,2,0,5,0,0,0,
2015,1258,8/19/2015,0,X,T,TX,23,,PL,E6995,P,1,1,1,1,22,2,,,,,14,3,3,20,0,0,1,
